E-VBM_eV,comp1_total_perfu,modelc_total_perfu
-7.000,0.0000,0.0000
-6.990,0.0000,0.0000
-6.980,0.0000,0.0000
-6.970,0.0000,0.0000
-6.960,0.0000,0.0000
-6.950,0.0000,0.0000
-6.940,0.0000,0.0000
-6.930,0.0000,0.0000
-6.920,0.0000,0.0000
-6.910,0.0000,0.0000
-6.900,0.0000,0.0000
-6.890,0.0000,0.0000
-6.880,0.0000,0.0000
-6.870,0.0000,0.0000
-6.860,0.0000,0.0000
-6.850,0.0000,0.0000
-6.840,0.0000,0.0000
-6.830,0.0000,0.0000
-6.820,0.0000,0.0000
-6.810,0.0000,0.0000
-6.800,0.0000,0.0000
-6.790,0.0000,0.0000
-6.780,0.0000,0.0000
-6.770,0.0000,0.0000
-6.760,0.0000,0.0000
-6.750,0.0000,0.0000
-6.740,0.0000,0.0000
-6.730,0.0000,0.0000
-6.720,0.0000,0.0000
-6.710,0.0000,0.0000
-6.700,0.0000,0.0000
-6.690,0.0000,0.0000
-6.680,0.0000,0.0000
-6.670,0.0000,0.0000
-6.660,0.0000,0.0000
-6.650,0.0000,0.0000
-6.640,0.0000,0.0000
-6.630,0.0000,0.0000
-6.620,0.0000,0.0000
-6.610,0.0000,0.0000
-6.600,0.0000,0.0000
-6.590,0.0000,0.0000
-6.580,0.0000,0.0000
-6.570,0.0000,0.0000
-6.560,0.0000,0.0000
-6.550,0.0000,0.0000
-6.540,0.0000,0.0000
-6.530,0.0000,0.0000
-6.520,0.0000,0.0000
-6.510,0.0000,0.0000
-6.500,0.0000,0.0000
-6.490,0.0000,0.0000
-6.480,0.0000,0.0000
-6.470,0.0000,0.0000
-6.460,0.0000,0.0000
-6.450,0.0000,0.0000
-6.440,0.0000,0.0000
-6.430,0.0000,0.0000
-6.420,0.0000,0.0000
-6.410,0.0000,0.0000
-6.400,0.0000,0.0000
-6.390,0.0000,0.0000
-6.380,0.0000,0.0000
-6.370,0.0000,0.0000
-6.360,0.0000,0.0000
-6.350,0.0000,0.0000
-6.340,0.0000,0.0000
-6.330,0.0000,0.0000
-6.320,0.0000,0.0000
-6.310,0.0000,0.0000
-6.300,0.0000,0.0000
-6.290,0.0000,0.0000
-6.280,0.0000,0.0000
-6.270,0.0000,0.0000
-6.260,0.0000,0.0000
-6.250,0.0000,0.0000
-6.240,0.0000,0.0000
-6.230,0.0000,0.0000
-6.220,0.0000,0.0000
-6.210,0.0000,0.0000
-6.200,0.0000,0.0000
-6.190,0.0000,0.0000
-6.180,0.0000,0.0000
-6.170,0.0000,0.0000
-6.160,0.0000,0.0000
-6.150,0.0000,0.0000
-6.140,0.0000,0.0000
-6.130,0.0000,0.0000
-6.120,0.0000,0.0000
-6.110,0.0000,0.0000
-6.100,0.0000,0.0000
-6.090,0.0000,0.0000
-6.080,0.0000,0.0000
-6.070,0.0000,0.0000
-6.060,0.0000,0.0000
-6.050,0.0000,0.0000
-6.040,0.0000,0.0000
-6.030,0.0000,0.0000
-6.020,0.0000,0.0000
-6.010,0.0000,0.0000
-6.000,0.0000,0.0000
-5.990,0.0000,0.0000
-5.980,0.0000,0.0000
-5.970,0.0000,0.0000
-5.960,0.0000,0.0000
-5.950,0.0000,0.0000
-5.940,0.0000,0.0000
-5.930,0.0000,0.0000
-5.920,0.0000,0.0000
-5.910,0.0000,0.0000
-5.900,0.0000,0.0000
-5.890,0.0000,0.0000
-5.880,0.0000,0.0000
-5.870,0.0000,0.0000
-5.860,0.0000,0.0000
-5.850,0.0000,0.0000
-5.840,0.0000,0.0000
-5.830,0.0000,0.0000
-5.820,0.0000,0.0000
-5.810,0.0000,0.0000
-5.800,0.0000,0.0000
-5.790,0.0000,0.0000
-5.780,0.0000,0.0000
-5.770,0.0000,0.0000
-5.760,0.0000,0.0000
-5.750,0.0000,0.0000
-5.740,0.0000,0.0000
-5.730,0.0000,0.0000
-5.720,0.0000,0.0000
-5.710,0.0000,0.0000
-5.700,0.0000,0.0000
-5.690,0.0000,0.0000
-5.680,0.0000,0.0000
-5.670,0.0000,0.0000
-5.660,0.0000,0.0000
-5.650,0.0000,0.0000
-5.640,0.0000,0.0000
-5.630,0.0000,0.0000
-5.620,0.0000,0.0000
-5.610,0.0000,0.0000
-5.600,0.0000,0.0000
-5.590,0.0000,0.0000
-5.580,0.0000,0.0000
-5.570,0.0000,0.0000
-5.560,0.0000,0.0000
-5.550,0.0000,0.0000
-5.540,0.0000,0.0000
-5.530,0.0000,0.0000
-5.520,0.0000,0.0000
-5.510,0.0000,0.0000
-5.500,0.0000,0.0000
-5.490,0.0000,0.0000
-5.480,0.0000,0.0000
-5.470,0.0000,0.0000
-5.460,0.0000,0.0000
-5.450,0.0000,0.0000
-5.440,0.0000,0.0000
-5.430,0.0000,0.0000
-5.420,0.0000,0.0000
-5.410,0.0000,0.0000
-5.400,0.0000,0.0000
-5.390,0.0000,0.0000
-5.380,0.0000,0.0000
-5.370,0.0000,0.0000
-5.360,0.0000,0.0000
-5.350,0.0000,0.0000
-5.340,0.0000,0.0000
-5.330,0.0000,0.0000
-5.320,0.0000,0.0000
-5.310,0.0000,0.0000
-5.300,0.0000,0.0000
-5.290,0.0000,0.0000
-5.280,0.0000,0.0000
-5.270,0.0000,0.0000
-5.260,0.0000,0.0000
-5.250,0.0000,0.0000
-5.240,0.0000,0.0000
-5.230,0.0000,0.0000
-5.220,0.0000,0.0000
-5.210,0.0000,0.0000
-5.200,0.0000,0.0000
-5.190,0.0000,0.0000
-5.180,0.0000,0.0000
-5.170,0.0000,0.0000
-5.160,0.0000,0.0000
-5.150,0.0000,0.0000
-5.140,0.0000,0.0000
-5.130,0.0000,0.0000
-5.120,0.0000,0.0001
-5.110,0.0000,0.3540
-5.100,0.0000,0.9687
-5.090,0.0000,1.3204
-5.080,0.0000,1.3930
-5.070,0.0000,1.4253
-5.060,0.0000,1.5529
-5.050,0.0000,1.7181
-5.040,0.0000,2.1371
-5.030,0.0000,3.0675
-5.020,0.0000,3.5040
-5.010,0.0000,3.1330
-5.000,0.0000,2.8356
-4.990,0.0000,2.6984
-4.980,0.0000,2.6176
-4.970,0.0000,2.6206
-4.960,0.0000,2.9546
-4.950,0.0000,3.1362
-4.940,0.0000,3.2914
-4.930,0.0000,3.4448
-4.920,0.0000,3.2510
-4.910,0.0000,2.9814
-4.900,0.0000,2.8928
-4.890,0.0000,3.1088
-4.880,0.0000,3.2258
-4.870,0.0001,3.2618
-4.860,0.1125,3.3102
-4.850,1.3047,3.3474
-4.840,3.0266,3.3620
-4.830,3.5068,3.3808
-4.820,3.7135,3.6122
-4.810,3.6225,3.8194
-4.800,3.7416,3.6106
-4.790,3.8048,3.3586
-4.780,3.8644,3.6654
-4.770,4.1101,4.3100
-4.760,4.3165,4.5482
-4.750,4.4805,4.4938
-4.740,4.9974,4.8732
-4.730,5.4530,5.1082
-4.720,5.5870,5.0060
-4.710,5.4969,4.7768
-4.700,5.4838,4.1648
-4.690,5.7682,3.6344
-4.680,6.5065,3.3362
-4.670,7.0357,3.1500
-4.660,6.7340,2.9464
-4.650,6.3529,2.6888
-4.640,6.0212,2.5622
-4.630,5.8484,3.2736
-4.620,5.9740,4.1112
-4.610,6.3278,4.2390
-4.600,6.5187,4.5812
-4.590,6.0099,4.4914
-4.580,4.6319,4.2342
-4.570,3.7133,6.0538
-4.560,3.9021,6.9796
-4.550,4.8981,6.2236
-4.540,5.2929,4.6812
-4.530,4.4167,2.8812
-4.520,3.9957,4.0396
-4.510,3.6787,6.5810
-4.500,3.3335,8.0234
-4.490,3.0728,8.6914
-4.480,2.9389,8.8556
-4.470,2.8295,8.9514
-4.460,2.7249,8.2896
-4.450,2.5356,6.7438
-4.440,2.3151,6.0128
-4.430,2.1305,6.4560
-4.420,2.0130,7.4414
-4.410,1.8785,8.0020
-4.400,1.7166,8.4090
-4.390,1.4504,9.0098
-4.380,0.9871,9.4264
-4.370,1.0440,9.7244
-4.360,1.6298,10.1394
-4.350,1.9674,9.9322
-4.340,2.2703,9.4300
-4.330,2.8022,9.3902
-4.320,3.6369,9.9046
-4.310,4.4076,10.7018
-4.300,4.8965,10.8956
-4.290,5.5860,9.8092
-4.280,6.7126,8.7272
-4.270,8.5510,9.0082
-4.260,9.6111,9.6810
-4.250,9.2726,10.8758
-4.240,10.6538,12.5672
-4.230,13.2124,12.0104
-4.220,14.7617,10.4532
-4.210,14.4414,8.8010
-4.200,14.5199,6.2958
-4.190,16.8305,5.1792
-4.180,16.1319,5.3848
-4.170,14.9752,5.8672
-4.160,17.6100,5.7684
-4.150,19.4129,5.2542
-4.140,19.4114,5.1452
-4.130,17.9869,5.1518
-4.120,13.5699,5.3218
-4.110,9.5847,5.7424
-4.100,8.3856,6.1234
-4.090,8.0016,6.5486
-4.080,8.1972,8.4082
-4.070,8.7233,9.0998
-4.060,8.9198,7.0892
-4.050,8.2851,5.2062
-4.040,7.9779,3.8554
-4.030,8.0262,2.2395
-4.020,8.2506,0.6482
-4.010,7.9785,0.0671
-4.000,6.6958,0.0000
-3.990,5.5105,0.0000
-3.980,5.0392,0.0000
-3.970,4.8040,0.0000
-3.960,4.7662,0.0000
-3.950,4.6489,0.0000
-3.940,4.3897,0.0000
-3.930,3.8169,0.0000
-3.920,1.8751,0.0000
-3.910,0.0000,0.0000
-3.900,0.0000,0.0000
-3.890,0.0000,0.0000
-3.880,0.0000,0.0000
-3.870,0.0000,0.0000
-3.860,0.0000,0.0000
-3.850,0.0000,0.0000
-3.840,0.0000,0.0000
-3.830,0.0000,0.0000
-3.820,0.0000,0.0000
-3.810,0.0000,0.0000
-3.800,0.0000,0.0000
-3.790,0.0000,0.0000
-3.780,0.0000,0.0000
-3.770,0.0000,0.0000
-3.760,0.0000,0.0000
-3.750,0.0000,0.0000
-3.740,0.0000,0.0000
-3.730,0.0000,0.0000
-3.720,0.0000,0.0000
-3.710,0.0000,0.0000
-3.700,0.0000,0.0000
-3.690,0.0000,0.0000
-3.680,0.0000,0.0000
-3.670,0.0000,0.0000
-3.660,0.0000,1.0960
-3.650,0.0000,2.9092
-3.640,0.0000,4.6764
-3.630,0.0000,5.8356
-3.620,0.0000,6.5102
-3.610,0.0000,9.1256
-3.600,0.0000,7.1618
-3.590,0.0000,1.6643
-3.580,0.0000,0.0903
-3.570,0.0000,0.0000
-3.560,0.0000,0.0000
-3.550,0.0000,0.0000
-3.540,0.0000,0.0000
-3.530,0.0000,0.0000
-3.520,0.0000,0.0000
-3.510,0.0000,0.0000
-3.500,0.0001,0.0000
-3.490,0.0421,0.0000
-3.480,0.5149,0.0000
-3.470,1.5631,2.4688
-3.460,2.4494,7.7132
-3.450,2.9720,9.0588
-3.440,3.5424,6.7404
-3.430,4.4767,4.6002
-3.420,5.7946,3.0666
-3.410,7.2160,4.0472
-3.400,7.7880,5.2664
-3.390,7.5988,4.7392
-3.380,8.1113,4.2822
-3.370,8.7905,4.8806
-3.360,9.0676,5.5974
-3.350,10.5130,5.9590
-3.340,11.8266,5.7918
-3.330,13.5313,6.2560
-3.320,17.6089,7.9956
-3.310,17.2562,7.4220
-3.300,13.9858,7.2844
-3.290,14.6315,8.6854
-3.280,12.5974,10.1538
-3.270,10.3012,10.2142
-3.260,6.0155,10.6854
-3.250,1.9592,11.1562
-3.240,0.6583,10.2666
-3.230,0.0000,8.9958
-3.220,0.0000,8.0614
-3.210,0.0000,11.0096
-3.200,0.0000,15.1282
-3.190,0.0000,13.4614
-3.180,0.0000,8.8624
-3.170,0.0000,7.8058
-3.160,0.0000,8.1988
-3.150,0.0000,7.3074
-3.140,0.0000,7.3942
-3.130,0.0000,11.2844
-3.120,0.0000,11.6656
-3.110,0.0000,9.2894
-3.100,0.0000,11.9438
-3.090,0.0000,12.6062
-3.080,0.0000,10.3590
-3.070,0.0000,13.5868
-3.060,0.0000,15.3616
-3.050,0.0000,12.4066
-3.040,0.0000,10.5768
-3.030,0.0000,10.3346
-3.020,0.0692,14.3694
-3.010,0.9252,17.9106
-3.000,4.5413,15.9896
-2.990,20.4257,12.9190
-2.980,41.4570,10.0102
-2.970,47.7830,15.6158
-2.960,41.8785,18.9002
-2.950,32.1080,16.2142
-2.940,33.6193,15.6540
-2.930,24.2472,20.1898
-2.920,20.0346,19.5292
-2.910,18.6791,13.6912
-2.900,15.0538,14.7454
-2.890,11.4040,14.5508
-2.880,8.9939,8.8514
-2.870,11.5019,5.8275
-2.860,13.3050,15.0863
-2.850,11.8241,19.5856
-2.840,11.2318,17.4924
-2.830,10.8889,14.1782
-2.820,9.2694,8.0522
-2.810,6.3756,4.5870
-2.800,4.0807,5.1932
-2.790,2.2100,10.4288
-2.780,0.6371,12.0350
-2.770,0.0000,10.5734
-2.760,0.0000,17.4802
-2.750,0.0000,18.6024
-2.740,0.0000,11.0526
-2.730,0.0000,8.0578
-2.720,0.0000,7.4452
-2.710,0.0000,7.7880
-2.700,0.0000,7.0708
-2.690,0.0000,5.6354
-2.680,0.0000,6.3848
-2.670,0.0000,7.4562
-2.660,0.0000,7.3740
-2.650,0.0000,6.9790
-2.640,0.0000,4.9620
-2.630,0.0000,3.2252
-2.620,0.0000,4.4264
-2.610,0.0000,6.8154
-2.600,0.0000,7.0428
-2.590,0.0000,5.8628
-2.580,0.0000,4.8218
-2.570,0.0000,3.7558
-2.560,0.0000,3.1818
-2.550,0.0000,1.8218
-2.540,0.0000,0.3008
-2.530,0.0000,0.0000
-2.520,0.0000,0.0000
-2.510,0.0000,0.0000
-2.500,0.0000,0.0000
-2.490,0.0000,0.0000
-2.480,0.0000,0.0000
-2.470,0.0000,0.0000
-2.460,0.0000,0.0000
-2.450,0.0000,0.0000
-2.440,0.0000,0.0000
-2.430,0.0000,0.0000
-2.420,0.0000,0.0000
-2.410,0.0000,0.0000
-2.400,0.0000,0.0000
-2.390,0.0000,0.0000
-2.380,0.0042,0.0000
-2.370,0.0679,0.0314
-2.360,0.3598,1.1569
-2.350,0.8407,2.1328
-2.340,1.2429,1.8904
-2.330,1.6342,1.7857
-2.320,2.2538,1.9981
-2.310,3.3492,2.3158
-2.300,4.2931,2.4708
-2.290,4.1360,2.7570
-2.280,3.7002,3.4486
-2.270,3.8517,3.6226
-2.260,4.0795,3.2934
-2.250,4.2306,3.0764
-2.240,4.4583,2.7654
-2.230,4.8892,2.6840
-2.220,5.4337,2.4498
-2.210,5.8858,1.7310
-2.200,5.6708,0.8234
-2.190,5.1756,0.7175
-2.180,5.6901,1.4744
-2.170,6.2161,3.9792
-2.160,6.6316,9.2327
-2.150,7.6712,10.5906
-2.140,8.9946,7.1420
-2.130,8.8702,6.0048
-2.120,8.2292,6.0806
-2.110,8.2799,4.6608
-2.100,8.4564,3.8986
-2.090,9.8497,4.1550
-2.080,10.4452,5.2560
-2.070,9.7085,6.9154
-2.060,9.6500,9.0534
-2.050,8.9222,9.9384
-2.040,6.5161,8.9856
-2.030,4.3634,8.2672
-2.020,3.5503,7.5236
-2.010,2.9792,6.9532
-2.000,3.2332,6.8140
-1.990,4.4443,7.6922
-1.980,6.4245,8.1828
-1.970,8.5848,9.1124
-1.960,11.8687,10.2720
-1.950,19.5584,9.5480
-1.940,26.3715,9.7640
-1.930,26.3475,9.3108
-1.920,26.3720,6.9450
-1.910,25.7446,7.0426
-1.900,22.7390,9.5300
-1.890,14.0208,9.8430
-1.880,3.4774,7.6160
-1.870,0.8103,8.1288
-1.860,0.0000,11.6616
-1.850,0.0422,10.3694
-1.840,0.5144,8.5916
-1.830,1.4278,13.8878
-1.820,2.6172,15.2116
-1.810,7.1541,11.7816
-1.800,14.6168,14.0074
-1.790,17.5756,15.9418
-1.780,17.6223,13.2778
-1.770,18.3324,12.2006
-1.760,16.8641,12.4232
-1.750,15.9685,12.5456
-1.740,15.2584,13.8938
-1.730,11.9390,12.5608
-1.720,9.1841,11.0896
-1.710,11.0283,12.1004
-1.700,12.6100,11.5334
-1.690,11.1459,10.6120
-1.680,9.6022,11.3650
-1.670,9.1668,10.9010
-1.660,11.3806,10.3998
-1.650,15.3565,10.3564
-1.640,19.3615,10.7828
-1.630,22.9987,11.5878
-1.620,24.6117,11.5598
-1.610,22.6623,11.3754
-1.600,18.8133,10.0644
-1.590,13.9150,8.7986
-1.580,10.3125,7.7636
-1.570,7.5695,7.7288
-1.560,5.1069,8.9916
-1.550,3.4601,9.2098
-1.540,2.5398,8.3720
-1.530,2.1717,7.5280
-1.520,1.9610,7.3448
-1.510,1.8242,6.9174
-1.500,1.7201,6.7312
-1.490,1.5936,7.7838
-1.480,1.4478,8.5232
-1.470,1.3271,8.4994
-1.460,1.2426,7.5976
-1.450,1.1844,6.6274
-1.440,1.0986,6.7310
-1.430,0.9585,7.7280
-1.420,0.8286,9.5902
-1.410,0.6618,9.7948
-1.400,0.3992,7.1856
-1.390,0.2613,6.0284
-1.380,0.4019,7.2974
-1.370,0.4938,8.4190
-1.360,0.5401,8.4784
-1.350,0.6139,7.8722
-1.340,0.7082,6.3882
-1.330,0.8056,5.0202
-1.320,0.9704,4.6156
-1.310,1.6426,4.9998
-1.300,3.1919,7.1042
-1.290,4.8657,8.2976
-1.280,5.8642,7.5582
-1.270,6.6100,7.3388
-1.260,7.4109,7.6562
-1.250,8.5664,7.7398
-1.240,11.2801,8.6442
-1.230,14.3086,9.2468
-1.220,15.1828,8.2210
-1.210,14.6722,7.6154
-1.200,14.3508,8.0596
-1.190,14.0218,8.3670
-1.180,17.0854,7.4806
-1.170,18.9564,6.8992
-1.160,14.2963,7.1128
-1.150,11.4791,7.2752
-1.140,8.8716,7.1146
-1.130,5.3093,6.4826
-1.120,1.6341,5.5912
-1.110,3.0862,4.9970
-1.100,6.0772,4.5038
-1.090,5.7254,4.5220
-1.080,6.3491,4.8846
-1.070,6.8288,4.8848
-1.060,8.0365,4.4976
-1.050,8.9895,4.1236
-1.040,9.2360,4.0170
-1.030,8.9439,4.8208
-1.020,8.2207,6.3240
-1.010,8.2226,7.5298
-1.000,8.0888,7.1324
-0.990,8.5188,5.6076
-0.980,10.3697,4.6002
-0.970,11.6590,4.7788
-0.960,10.9160,5.8834
-0.950,10.3806,7.0316
-0.940,9.9765,7.9662
-0.930,9.5445,7.3208
-0.920,8.8429,5.7654
-0.910,7.9919,6.1544
-0.900,8.0923,7.5688
-0.890,8.9377,8.5250
-0.880,9.0287,8.8630
-0.870,8.4328,9.1014
-0.860,6.1855,9.6908
-0.850,4.0600,9.6660
-0.840,3.4913,9.7068
-0.830,3.6185,9.4942
-0.820,3.7880,9.8272
-0.810,4.1364,11.0122
-0.800,5.4188,10.8352
-0.790,7.5148,9.8398
-0.780,8.9517,9.1406
-0.770,10.3948,9.7434
-0.760,12.7304,11.2544
-0.750,14.2476,11.1934
-0.740,13.5255,10.0214
-0.730,13.0495,10.8930
-0.720,12.4675,11.8828
-0.710,11.0601,11.7262
-0.700,10.2584,12.1374
-0.690,10.7595,12.2882
-0.680,12.3838,12.0926
-0.670,15.0461,11.5596
-0.660,17.1077,10.8550
-0.650,16.2154,10.7402
-0.640,15.2255,11.4952
-0.630,15.4820,12.7548
-0.620,13.5800,12.9286
-0.610,12.6888,13.2634
-0.600,14.2412,13.6290
-0.590,16.5723,12.2340
-0.580,16.6487,11.8160
-0.570,16.8732,11.6686
-0.560,17.6499,10.8294
-0.550,17.3263,10.7776
-0.540,15.0199,12.3950
-0.530,14.7046,14.1844
-0.520,15.5375,13.9818
-0.510,15.6813,13.8160
-0.500,16.1247,13.4658
-0.490,18.0351,13.0664
-0.480,18.7205,14.9872
-0.470,17.7056,14.8094
-0.460,18.8828,12.1456
-0.450,20.4041,11.1132
-0.440,18.8407,11.2862
-0.430,17.2111,11.1758
-0.420,15.8190,10.1238
-0.410,14.6007,9.3384
-0.400,13.1554,9.1250
-0.390,11.6569,9.2090
-0.380,11.2691,9.1334
-0.370,12.4603,9.1000
-0.360,12.5756,10.0860
-0.350,12.3776,11.0874
-0.340,13.1690,11.6664
-0.330,13.8504,11.0112
-0.320,13.9524,8.7654
-0.310,14.4433,7.3270
-0.300,15.2794,6.9648
-0.290,15.6050,6.4256
-0.280,14.3641,5.8046
-0.270,13.8173,5.2802
-0.260,16.3318,4.6632
-0.250,18.0512,4.2524
-0.240,17.9274,4.0668
-0.230,19.1956,4.1036
-0.220,18.3601,4.2768
-0.210,13.4987,4.4504
-0.200,10.7477,4.5936
-0.190,9.0126,4.7882
-0.180,7.7452,4.3652
-0.170,6.4252,3.6794
-0.160,5.3233,3.6634
-0.150,4.7664,3.6766
-0.140,4.5309,3.3352
-0.130,4.3125,2.4122
-0.120,4.2047,1.4659
-0.110,4.0989,1.1478
-0.100,3.8926,1.0810
-0.090,3.7798,0.9964
-0.080,3.7670,0.8701
-0.070,3.7705,0.7368
-0.060,3.6390,0.5814
-0.050,3.5268,0.4489
-0.040,2.8273,0.3683
-0.030,1.5519,0.3049
-0.020,0.9331,0.2346
-0.010,0.4957,0.1548
-0.000,0.1575,0.0679
0.010,0.0026,0.0121
0.020,0.0000,0.0005
0.030,0.0000,0.0000
0.040,0.0000,0.0000
0.050,0.0000,0.0000
0.060,0.0000,0.0000
0.070,0.0000,0.0000
0.080,0.0000,0.0000
0.090,0.0000,0.0000
0.100,0.0000,0.0000
0.110,0.0000,0.0000
0.120,0.0000,0.0000
0.130,0.0000,0.0000
0.140,0.0000,0.0000
0.150,0.0000,0.0000
0.160,0.0000,0.0000
0.170,0.0000,0.0000
0.180,0.0000,0.0000
0.190,0.0000,0.0000
0.200,0.0000,0.0000
0.210,0.0000,0.0000
0.220,0.0000,0.0000
0.230,0.0000,0.0000
0.240,0.0000,0.0000
0.250,0.0000,0.0000
0.260,0.0000,0.0000
0.270,0.0000,0.0000
0.280,0.0000,0.0000
0.290,0.0000,0.0000
0.300,0.0000,0.0000
0.310,0.0000,0.0000
0.320,0.0000,0.0000
0.330,0.0000,0.0000
0.340,0.0000,0.0000
0.350,0.0000,0.0000
0.360,0.0000,0.0000
0.370,0.0000,0.0000
0.380,0.0000,0.0000
0.390,0.0000,0.0000
0.400,0.0000,0.0000
0.410,0.0000,0.0000
0.420,0.0000,0.0000
0.430,0.0000,0.0000
0.440,0.0000,0.0000
0.450,0.0000,0.0000
0.460,0.0000,0.0000
0.470,0.0000,0.0000
0.480,0.0000,0.0000
0.490,0.0000,0.0000
0.500,0.0000,0.0000
0.510,0.0000,0.0000
0.520,0.0000,0.0000
0.530,0.0000,0.0000
0.540,0.0000,0.0000
0.550,0.0000,0.0000
0.560,0.0000,0.0000
0.570,0.0000,0.0000
0.580,0.0000,0.0000
0.590,0.0000,0.0000
0.600,0.0000,0.0000
0.610,0.0000,0.0000
0.620,0.0000,0.0000
0.630,0.0000,0.0000
0.640,0.0000,0.0000
0.650,0.0000,0.0000
0.660,0.0000,0.0000
0.670,0.0000,0.0000
0.680,0.0000,0.0000
0.690,0.0000,0.0000
0.700,0.0000,0.0000
0.710,0.0000,0.0000
0.720,0.0000,0.0000
0.730,0.0000,0.0000
0.740,0.0000,0.0000
0.750,0.0000,0.0000
0.760,0.0000,0.0000
0.770,0.0000,0.0000
0.780,0.0000,0.0000
0.790,0.0000,0.0000
0.800,0.0000,0.0000
0.810,0.0000,0.0000
0.820,0.0000,0.0000
0.830,0.0000,0.0000
0.840,0.0000,0.0000
0.850,0.0000,0.0000
0.860,0.0000,0.0000
0.870,0.0000,0.0000
0.880,0.0000,0.0000
0.890,0.0000,0.0000
0.900,0.0000,0.0000
0.910,0.0000,0.0000
0.920,0.0000,0.0000
0.930,0.0000,0.0000
0.940,0.0000,0.0000
0.950,0.0000,0.0000
0.960,0.0000,0.0000
0.970,0.0000,0.0000
0.980,0.0000,0.0000
0.990,0.0000,0.0000
1.000,0.0000,0.0000
1.010,0.0000,0.0000
1.020,0.0000,0.0000
1.030,0.0000,0.0000
1.040,0.0000,0.0000
1.050,0.0000,0.0000
1.060,0.0000,0.0000
1.070,0.0000,0.0000
1.080,0.0000,0.0000
1.090,0.0000,0.0000
1.100,0.0000,0.0000
1.110,0.0000,0.0000
1.120,0.0000,0.0000
1.130,0.0000,0.0000
1.140,0.0000,0.0000
1.150,0.0000,0.0000
1.160,0.0000,0.0000
1.170,0.0000,0.0000
1.180,0.0000,0.0000
1.190,0.0000,0.0000
1.200,0.0000,0.0000
1.210,0.0000,0.0000
1.220,0.0000,0.0000
1.230,0.0000,0.0000
1.240,0.0000,0.0000
1.250,0.0000,0.0000
1.260,0.0000,0.0000
1.270,0.0000,0.0000
1.280,0.0000,0.0000
1.290,0.0000,0.0000
1.300,0.0000,0.0000
1.310,0.0000,0.0000
1.320,0.0000,0.0000
1.330,0.0000,0.0000
1.340,0.0000,0.0000
1.350,0.0000,0.0000
1.360,0.0000,0.0000
1.370,0.0000,0.0000
1.380,0.0000,0.0000
1.390,0.0000,0.0000
1.400,0.0000,0.0000
1.410,0.0000,0.0000
1.420,0.0000,0.0000
1.430,0.0000,0.0000
1.440,0.0000,0.0000
1.450,0.0000,0.0000
1.460,0.0000,0.0000
1.470,0.0000,0.0000
1.480,0.0000,0.0000
1.490,0.0000,0.0000
1.500,0.0000,0.0000
1.510,0.0000,0.0000
1.520,0.0000,0.0000
1.530,0.0000,0.0000
1.540,0.0000,0.0000
1.550,0.0000,0.0000
1.560,0.0000,0.0000
1.570,0.0000,0.0000
1.580,0.0000,0.0000
1.590,0.0000,0.0000
1.600,0.0000,0.0000
1.610,0.0000,0.0000
1.620,0.0000,0.0000
1.630,0.0000,0.0000
1.640,0.0000,0.0000
1.650,0.0000,0.0000
1.660,0.0000,0.0000
1.670,0.0000,0.0000
1.680,0.0000,0.0000
1.690,0.0000,0.0000
1.700,0.0000,0.0000
1.710,0.0000,0.0000
1.720,0.0000,0.0000
1.730,0.0000,0.0000
1.740,0.0000,0.0000
1.750,0.0000,0.0000
1.760,0.0000,0.0000
1.770,0.0000,0.0000
1.780,0.0000,0.0000
1.790,0.0000,0.0000
1.800,0.0000,0.0000
1.810,0.0000,0.0000
1.820,0.0000,0.0000
1.830,0.0000,0.0000
1.840,0.0000,0.0000
1.850,0.0000,0.0000
1.860,0.0000,0.0000
1.870,0.0000,0.0000
1.880,0.0000,0.0000
1.890,0.0000,0.0000
1.900,0.0000,0.0000
1.910,0.0000,0.0000
1.920,0.0000,0.0000
1.930,0.0000,0.0000
1.940,0.0000,0.0000
1.950,0.0000,0.0000
1.960,0.0000,0.0000
1.970,0.0000,0.0000
1.980,0.0000,0.0000
1.990,0.0000,0.0000
2.000,0.0000,0.0000
2.010,0.0000,0.0000
2.020,0.0000,0.0000
2.030,0.0000,0.0000
2.040,0.0002,0.0000
2.050,0.0018,0.0000
2.060,0.0072,0.0001
2.070,0.0182,0.0007
2.080,0.0349,0.0032
2.090,0.0567,0.0112
2.100,0.0804,0.0277
2.110,0.1005,0.0517
2.120,0.1150,0.0782
2.130,0.1253,0.1031
2.140,0.1341,0.1257
2.150,0.1406,0.1458
2.160,0.1463,0.1635
2.170,0.1535,0.1788
2.180,0.1631,0.1917
2.190,0.1733,0.2021
2.200,0.1835,0.2101
2.210,0.1938,0.2108
2.220,0.2042,0.1966
2.230,0.2148,0.1768
2.240,0.2259,0.1683
2.250,0.2376,0.1701
2.260,0.2493,0.1743
2.270,0.2602,0.1786
2.280,0.2695,0.1829
2.290,0.2780,0.1872
2.300,0.2867,0.1915
2.310,0.2942,0.1959
2.320,0.3008,0.2007
2.330,0.3100,0.2067
2.340,0.3202,0.2147
2.350,0.3309,0.2250
2.360,0.3419,0.2378
2.370,0.3529,0.2529
2.380,0.3635,0.2703
2.390,0.3741,0.2901
2.400,0.3851,0.3124
2.410,0.3960,0.3379
2.420,0.4064,0.3683
2.430,0.4170,0.3987
2.440,0.4287,0.4181
2.450,0.4418,0.4281
2.460,0.4556,0.4387
2.470,0.4700,0.4512
2.480,0.4848,0.4658
2.490,0.4996,0.4757
2.500,0.5128,0.4723
2.510,0.5225,0.4652
2.520,0.5300,0.4655
2.530,0.5374,0.4769
2.540,0.5462,0.4913
2.550,0.5553,0.5052
2.560,0.5646,0.5262
2.570,0.5777,0.5530
2.580,0.5914,0.5832
2.590,0.6011,0.6167
2.600,0.6149,0.6518
2.610,0.6328,0.6847
2.620,0.6530,0.7140
2.630,0.6732,0.7406
2.640,0.6898,0.7656
2.650,0.7032,0.7880
2.660,0.7202,0.8062
2.670,0.7447,0.8229
2.680,0.7760,0.8443
2.690,0.8114,0.8659
2.700,0.8530,0.8792
2.710,0.9016,0.8877
2.720,0.9639,0.8946
2.730,1.0668,0.9169
2.740,1.1851,0.9592
2.750,1.3031,0.9902
2.760,1.3905,1.0068
2.770,1.3519,1.0422
2.780,1.3328,1.1072
2.790,1.4416,1.1863
2.800,1.5826,1.2547
2.810,1.5187,1.3072
2.820,1.4214,1.3763
2.830,1.3572,1.4716
2.840,1.3221,1.5687
2.850,1.3045,1.6523
2.860,1.2925,1.7299
2.870,1.2697,1.8155
2.880,1.2404,1.8943
2.890,1.2117,1.9415
2.900,1.1899,1.9617
2.910,1.1643,1.9620
2.920,1.1280,1.9613
2.930,1.0877,1.9969
2.940,1.0636,2.0804
2.950,1.0730,2.2014
2.960,1.1159,2.2878
2.970,1.1906,2.2910
2.980,1.2933,2.2808
2.990,1.4263,2.3894
3.000,1.5968,2.1061
3.010,1.7530,1.5651
3.020,1.8221,1.4402
3.030,1.8723,1.5333
3.040,1.9682,1.6219
3.050,2.0511,1.6462
3.060,2.0554,1.6455
3.070,1.9560,1.6638
3.080,1.8698,1.6825
3.090,1.7590,1.6428
3.100,1.6579,1.6074
3.110,1.6194,1.5889
3.120,1.6049,1.5342
3.130,1.5897,1.4723
3.140,1.5764,1.4068
3.150,1.5753,1.3462
3.160,1.5777,1.3275
3.170,1.5953,1.3488
3.180,1.6376,1.4473
3.190,1.6810,1.6349
3.200,1.7164,1.8318
3.210,1.7413,1.9999
3.220,1.7605,2.0928
3.230,1.7676,2.0976
3.240,1.7587,2.1174
3.250,1.7611,2.1814
3.260,1.7922,2.2248
3.270,1.8318,2.2504
3.280,1.8280,2.2990
3.290,1.8074,2.3148
3.300,1.7979,2.2312
3.310,1.7878,2.1140
3.320,1.7799,2.0628
3.330,1.7803,2.0640
3.340,1.7843,2.0572
3.350,1.7786,2.0162
3.360,1.7674,1.9073
3.370,1.7577,1.7908
3.380,1.7442,1.7485
3.390,1.7389,1.7592
3.400,1.7402,1.7794
3.410,1.7440,1.8035
3.420,1.7564,1.8374
3.430,1.8008,1.8841
3.440,1.8194,1.9914
3.450,1.7533,2.1680
3.460,1.7075,2.3996
3.470,1.7114,2.4208
3.480,1.7446,2.1368
3.490,1.7638,1.9090
3.500,1.7260,1.8439
3.510,1.6734,1.8381
3.520,1.6234,1.8815
3.530,1.5786,1.8154
3.540,1.5414,1.6092
3.550,1.5165,1.4587
3.560,1.4953,1.3456
3.570,1.4761,1.1951
3.580,1.4613,0.9908
3.590,1.4511,0.8150
3.600,1.4460,0.7541
3.610,1.4446,0.7710
3.620,1.4494,0.8140
3.630,1.4619,0.8746
3.640,1.4725,0.9508
3.650,1.4808,1.0406
3.660,1.5087,1.1444
3.670,1.5470,1.2655
3.680,1.5758,1.4518
3.690,1.5466,2.5596
3.700,1.4575,3.9333
3.710,1.3965,3.9316
3.720,1.3537,2.3557
3.730,1.3341,0.6509
3.740,1.3491,0.0675
3.750,1.3996,0.0009
3.760,1.4876,0.0000
3.770,1.4711,0.0000
3.780,1.3452,0.0000
3.790,1.2923,0.0005
3.800,1.2472,0.1469
3.810,1.1548,0.5125
3.820,1.0917,0.8438
3.830,1.1451,1.6239
3.840,1.1625,2.9279
3.850,1.1900,4.1554
3.860,1.2836,4.8744
3.870,1.3918,5.0630
3.880,1.4575,5.3664
3.890,1.4993,5.4516
3.900,1.5289,4.9318
3.910,1.5626,3.7682
3.920,1.6868,2.6444
3.930,1.8724,2.2728
3.940,2.1229,2.1860
3.950,2.4506,2.1356
3.960,3.0200,2.1988
3.970,4.0203,2.5258
3.980,4.9012,3.6398
3.990,5.1243,5.1646
4.000,5.3402,5.8146
4.010,5.8402,5.3052
4.020,6.5738,4.8738
4.030,7.1479,5.4438
4.040,7.3472,6.6416
4.050,7.7132,7.2466
4.060,7.8300,6.5482
4.070,7.4596,5.5640
4.080,7.1537,5.0398
4.090,7.0195,4.8708
4.100,6.5992,5.1410
4.110,6.2251,5.6428
4.120,6.6209,5.7196
4.130,6.3328,5.7248
4.140,6.0101,6.0016
4.150,5.9138,5.8140
4.160,5.8287,5.2220
4.170,5.5944,4.8292
4.180,5.0305,4.6392
4.190,4.4688,4.5096
4.200,4.1193,4.5050
4.210,3.8082,4.5724
4.220,3.6129,4.6176
4.230,3.5432,4.4250
4.240,3.5330,4.2126
4.250,3.5510,4.3224
4.260,3.5478,4.6600
4.270,3.5109,4.9086
4.280,3.4741,4.7128
4.290,3.4407,4.4146
4.300,3.4586,4.4094
4.310,3.5367,4.6078
4.320,3.6421,4.6484
4.330,3.7692,4.3142
4.340,3.8655,3.5302
4.350,3.9554,2.9022
4.360,4.0551,2.8314
4.370,4.2458,2.9908
4.380,4.3760,3.2272
4.390,3.9837,3.4682
4.400,3.2374,3.8064
4.410,2.7946,4.3590
4.420,2.8959,5.2398
4.430,3.1267,6.4500
4.440,3.2733,6.9018
4.450,3.3738,6.1526
4.460,3.5520,5.6674
4.470,3.8280,5.4696
4.480,4.1554,4.8316
4.490,4.4915,4.4736
4.500,4.7426,4.7060
4.510,4.8588,5.1978
4.520,4.9152,5.7526
4.530,5.2705,6.4290
4.540,6.0361,7.6716
4.550,6.9139,7.5990
4.560,7.0656,6.4184
4.570,6.7537,6.0306
4.580,7.3439,6.0724
4.590,8.0961,6.3364
4.600,8.0185,6.8548
4.610,7.9703,6.7346
4.620,8.1248,5.8504
4.630,8.2520,5.3736
4.640,8.0011,5.3884
4.650,7.6921,5.7394
4.660,7.2940,6.1668
4.670,7.0242,6.5794
4.680,7.8302,6.8778
4.690,8.3431,6.9912
4.700,7.1607,6.8492
4.710,6.1501,7.0116
4.720,5.7590,7.6716
4.730,5.4930,7.4184
4.740,5.2681,6.3922
4.750,5.1110,6.2722
4.760,5.1649,6.7616
4.770,5.3398,7.0834
4.780,5.5349,6.8638
4.790,5.7913,5.9632
4.800,6.0893,5.3182
4.810,6.5904,5.2794
4.820,7.7045,5.4762
4.830,8.6518,5.4394
4.840,8.5530,5.0294
4.850,8.4661,4.6440
4.860,7.7567,4.4440
4.870,6.5213,4.3568
4.880,5.9232,4.4062
4.890,5.6272,4.7708
4.900,5.7400,5.3964
4.910,6.1265,5.5958
4.920,6.4064,4.9552
4.930,6.4491,4.1590
4.940,6.4375,3.9818
4.950,6.4389,4.1122
4.960,6.3247,4.1084
4.970,5.8821,4.0886
4.980,5.2132,4.1484
4.990,4.4781,4.1192
5.000,3.9403,3.9824
5.010,3.7386,3.8622
5.020,3.6798,3.8192
5.030,3.6712,3.9236
5.040,3.7464,4.1430
5.050,3.8919,4.1918
5.060,3.9843,3.9624
5.070,3.8787,3.7226
5.080,3.7313,3.4434
5.090,3.4305,3.0346
5.100,2.9801,2.6446
5.110,2.6663,2.4098
5.120,2.4450,2.3076
5.130,2.2402,2.2752
5.140,2.1062,2.2406
5.150,2.0339,2.2034
5.160,1.9890,2.1856
5.170,1.9702,2.1630
5.180,2.0197,2.1748
5.190,2.1046,2.2998
5.200,2.1876,2.5412
5.210,2.2765,2.7532
5.220,2.3702,2.7650
5.230,2.4074,2.7532
5.240,2.4038,2.9056
5.250,2.4470,3.0720
5.260,2.5507,3.1064
5.270,2.6584,3.1398
5.280,2.6964,3.2584
5.290,2.7216,3.4220
5.300,2.7583,3.7112
5.310,2.8573,3.4222
5.320,3.0511,2.8996
5.330,3.2096,2.9510
5.340,3.3910,3.1982
5.350,3.5874,3.6412
5.360,3.9119,3.9078
5.370,4.4299,3.7692
5.380,5.0049,3.6344
5.390,5.3997,3.7624
5.400,5.7216,4.3976
5.410,5.6986,4.9022
5.420,5.4468,4.9278
5.430,5.5459,5.0968
5.440,5.7502,5.0358
5.450,5.9770,4.5578
5.460,6.0040,4.2546
5.470,5.8599,4.2174
5.480,5.6868,4.5016
5.490,5.6278,4.5480
5.500,5.9988,4.5428
5.510,6.2790,4.8310
5.520,6.2640,4.8686
5.530,6.2390,4.7728
5.540,6.1055,4.5622
5.550,5.7900,4.4710
5.560,5.7607,5.1384
5.570,5.8702,6.0912
5.580,5.9775,5.5286
5.590,5.8669,4.4174
5.600,5.8243,4.5446
5.610,6.0044,4.5956
5.620,6.3166,4.5484
5.630,6.3573,5.1902
5.640,6.1711,5.8858
5.650,6.0045,6.0478
5.660,5.9644,5.7494
5.670,6.0689,5.8490
5.680,6.2553,5.8250
5.690,6.2697,5.6976
5.700,6.0945,6.4028
5.710,5.6891,6.7236
5.720,5.4301,5.4780
5.730,5.2434,4.2612
5.740,4.9395,4.0754
5.750,4.6646,4.3394
5.760,4.4982,5.1262
5.770,4.4788,6.0150
5.780,4.8157,6.3792
5.790,5.2535,6.5900
5.800,5.4472,6.6822
5.810,5.4374,6.0950
5.820,5.3190,5.0394
5.830,5.1539,4.4250
5.840,4.7355,4.8168
5.850,4.0295,5.9390
5.860,3.3702,6.4610
5.870,2.8666,5.7370
5.880,2.5015,4.7782
5.890,2.1730,4.3808
5.900,1.8162,4.7698
5.910,1.4550,5.5688
5.920,1.4547,5.5850
5.930,1.8335,4.9428
5.940,1.9769,4.6336
5.950,1.8156,4.9924
5.960,1.8403,5.4520
5.970,2.2261,5.4260
5.980,2.8920,5.8570
5.990,3.5288,6.4456
6.000,4.0370,6.3512
6.010,4.6213,5.8132
6.020,5.0709,5.6208
6.030,5.6058,5.4150
6.040,6.3235,4.9896
6.050,6.9342,5.1654
6.060,7.4152,5.8730
6.070,7.8822,6.7690
6.080,8.3076,7.2122
6.090,9.1055,6.8762
6.100,9.7152,5.5576
6.110,10.3779,4.2898
6.120,10.2768,4.2978
6.130,9.7237,5.5992
6.140,9.5743,7.1282
6.150,9.5449,7.3410
6.160,9.9298,6.3644
6.170,10.6157,5.2820
6.180,11.0626,5.0254
6.190,11.0923,5.4340
6.200,10.6525,6.1126
6.210,10.5237,6.4904
6.220,10.1294,6.4650
6.230,9.2215,6.1936
6.240,8.2833,6.1838
6.250,7.6503,6.5618
6.260,7.2699,6.6194
6.270,7.2020,6.4734
6.280,7.4325,6.5566
6.290,7.7296,6.8996
6.300,8.1283,6.4844
6.310,8.4033,5.9746
6.320,8.1201,6.6132
6.330,7.5477,7.4778
6.340,7.3359,7.2392
6.350,7.3567,6.5298
6.360,7.3890,6.2020
6.370,7.4524,6.3212
6.380,7.6887,6.6764
6.390,7.5760,6.7310
6.400,7.4532,6.6178
6.410,7.6620,6.2926
6.420,8.3004,5.8796
6.430,9.4231,6.5166
6.440,10.5293,8.5282
6.450,11.1314,9.2244
6.460,11.6491,7.7848
6.470,12.1853,6.6556
6.480,11.7570,6.7318
6.490,10.6092,7.6924
6.500,8.8564,7.8424
6.510,7.6026,7.2088
6.520,6.8186,7.7910
6.530,6.5064,8.1958
6.540,6.3723,7.2126
6.550,6.1239,6.5042
6.560,5.9316,7.1800
6.570,6.0121,7.6738
6.580,6.6470,6.9944
6.590,7.4764,5.9924
6.600,8.1520,5.8226
6.610,9.1112,6.4790
6.620,10.4973,7.1450
6.630,12.0593,8.3646
6.640,12.7494,9.9300
6.650,12.4684,9.0290
6.660,11.3327,7.6182
6.670,10.2220,8.9948
6.680,9.7417,10.2136
6.690,9.5335,9.4654
6.700,9.8111,8.4536
6.710,9.9623,8.2848
6.720,9.5894,8.2846
6.730,9.3527,7.8870
6.740,9.2075,7.2080
6.750,9.1192,7.2014
6.760,8.8959,7.7480
6.770,8.5364,8.2424
6.780,8.2632,9.3500
6.790,8.2896,9.4680
6.800,8.4039,8.4468
6.810,8.5682,9.7952
6.820,8.5361,10.9428
6.830,8.7020,9.6972
6.840,9.0096,8.7254
6.850,9.3922,8.1720
6.860,10.2677,8.2456
6.870,11.3183,9.0866
6.880,11.9275,8.7420
6.890,11.4668,7.4940
6.900,10.2516,7.7256
6.910,9.5413,8.2434
6.920,8.8520,8.6386
6.930,8.5001,9.8802
6.940,8.9235,10.7976
6.950,9.5693,9.8924
6.960,9.4559,8.7358
6.970,8.5856,9.3506
6.980,7.9930,10.0320
6.990,7.9044,9.1700
7.000,8.2525,7.9962
