# type,x,y,z,r  # LIGGGHTS box units (lateral 0..0.05 = 50um); real_14 compacted AM scaffold (AM_P=1,AM_S=2)
1,0.025033,0.040912,0.007308,0.006000
1,0.025130,0.026078,0.024900,0.006000
1,0.027968,0.025603,0.012283,0.006000
1,0.037982,0.023822,0.024972,0.006000
1,0.024036,0.005335,0.004857,0.006000
1,0.012202,0.041701,0.025312,0.006000
1,0.016079,0.026109,0.017510,0.006000
1,0.020597,0.030557,0.004307,0.006000
1,0.039303,0.042306,0.024503,0.006000
1,0.030662,0.014549,0.024741,0.006000
1,0.024077,0.012233,0.015552,0.006000
1,0.031218,0.015007,0.006421,0.006000
1,0.019648,0.018875,0.006951,0.006000
1,0.042976,0.009450,0.023093,0.006000
1,0.041062,0.006283,0.010317,0.006000
1,0.037664,0.045145,0.006583,0.006000
1,0.031542,0.002511,0.025133,0.006000
1,0.039877,0.018325,0.015296,0.006000
1,0.004544,0.011651,0.024940,0.006000
1,0.016269,0.016369,0.024352,0.006000
1,0.008343,0.035403,0.004668,0.006000
1,0.010181,0.045782,0.014902,0.006000
1,0.030962,0.035161,0.019830,0.006000
1,0.004539,0.015603,0.010360,0.006000
1,0.005199,0.022481,0.020831,0.006000
1,0.013763,0.008048,0.011077,0.006000
1,0.020805,0.040967,0.017991,0.006000
1,0.046297,0.037262,0.004837,0.006000
1,0.034803,0.031745,0.004944,0.006000
1,0.013514,0.047356,0.004192,0.006000
1,0.004593,0.034274,0.019967,0.006000
1,0.042921,0.032476,0.018934,0.006000
1,0.003218,0.005061,0.015754,0.006000
1,0.030515,0.047325,0.015382,0.006000
1,0.045134,0.021211,0.005485,0.006000
1,0.016966,0.004390,0.021809,0.006000
2,0.033266,0.008326,0.020070,0.002000
2,0.000157,0.032857,0.013707,0.002000
2,0.039509,0.002456,0.025414,0.002000
2,0.011537,0.011029,0.020738,0.002000
2,0.047033,0.010644,0.007324,0.002000
2,0.038685,0.029958,0.011675,0.002000
2,0.011473,0.007564,0.003544,0.002000
2,0.045026,0.026508,0.013109,0.002000
2,0.048399,0.013922,0.005604,0.002000
2,0.016970,0.024327,0.026921,0.002000
2,0.008947,0.033092,0.027261,0.002000
2,0.045870,0.043110,0.018756,0.002000
2,0.030033,0.032699,0.028285,0.002000
2,0.038685,0.013828,0.008913,0.002000
2,0.002594,0.012700,0.002482,0.002000
2,0.049019,0.025371,0.000279,0.002000
2,0.014871,0.014082,0.016630,0.002000
2,0.037724,0.043216,0.016637,0.002000
2,0.001636,0.000710,0.022815,0.002000
2,0.008865,0.004924,0.005506,0.002000
2,0.042959,0.029684,0.011430,0.002000
2,0.035755,0.029351,0.020322,0.002000
2,0.026560,0.018532,0.019447,0.002000
2,0.033901,0.009838,0.014017,0.002000
2,0.049955,0.002762,0.009017,0.002000
2,0.010597,0.003826,0.027663,0.002000
2,0.042229,0.031149,0.002031,0.002000
2,0.031067,0.022084,0.020074,0.002000
2,0.005229,0.000537,0.024554,0.002000
2,0.027349,0.048451,0.008166,0.002000
2,0.040548,0.035009,0.010851,0.002000
2,0.022893,0.000772,0.016774,0.002000
2,0.024451,0.004128,0.013378,0.002000
2,0.035105,0.035562,0.028285,0.002000
2,0.002063,0.041799,0.012921,0.002000
2,0.044207,0.002867,0.028305,0.002000
2,0.048209,0.039934,0.012127,0.002000
2,0.045818,0.049259,0.004953,0.002000
2,0.006619,0.012975,0.017476,0.002000
2,0.047042,0.017263,0.025211,0.002000
2,0.009943,0.020582,0.013394,0.002000
2,0.002020,0.042103,0.021835,0.002000
2,0.048024,0.043939,0.011728,0.002000
2,0.003584,0.048214,0.010845,0.002000
2,0.028409,0.042390,0.022416,0.002000
2,0.011678,0.033943,0.023598,0.002000
2,0.035969,0.012362,0.012074,0.002000
2,0.015492,0.038247,0.012770,0.002000
2,0.001548,0.029668,0.012060,0.002000
2,0.020051,0.032525,0.023511,0.002000
2,0.001399,0.016860,0.003235,0.002000
2,0.036741,0.032024,0.025665,0.002000
2,0.035333,0.004682,0.018787,0.002000
2,0.036947,0.009692,0.004485,0.002000
2,0.006546,0.022083,0.028500,0.002000
2,0.036997,0.033253,0.013170,0.002000
2,0.037188,0.022944,0.005495,0.002000
2,0.000339,0.047189,0.004044,0.002000
2,0.048301,0.008022,0.001451,0.002000
2,0.001859,0.020317,0.001386,0.002000
2,0.043078,0.041173,0.011306,0.002000
2,0.015944,0.046828,0.020894,0.002000
2,0.049932,0.038688,0.025098,0.002000
2,0.046440,0.044735,0.015221,0.002000
2,0.002373,0.020524,0.028305,0.002000
2,0.013569,0.028131,0.010084,0.002000
2,0.032153,0.002927,0.004570,0.002000
2,0.043439,0.037821,0.013139,0.002000
2,0.004747,0.022088,0.004639,0.002000
2,0.002716,0.029345,0.027007,0.002000
2,0.032577,0.045818,0.000508,0.002000
2,0.026122,0.001205,0.010735,0.002000
2,0.034990,0.010403,0.001230,0.002000
2,0.004699,0.024313,0.013274,0.002000
2,0.048706,0.008722,0.010347,0.002000
2,0.031396,0.042015,0.028286,0.002000
2,0.012450,0.022494,0.001579,0.002000
2,0.019351,0.035631,0.011015,0.002000
2,0.002178,0.008221,0.001907,0.002000
2,0.002106,0.037962,0.010278,0.002000
2,0.034653,0.001802,0.010710,0.002000
2,0.036820,0.001912,0.002035,0.002000
2,0.012785,0.032853,0.028293,0.002000
2,0.033778,0.020532,0.011072,0.002000
2,0.016218,0.013957,0.001722,0.002000
2,0.005472,0.015160,0.001376,0.002000
2,0.022348,0.047935,0.023147,0.002000
2,0.034137,0.006329,0.015610,0.002000
2,0.046531,0.015521,0.011928,0.002000
2,0.015829,0.034726,0.018188,0.002000
2,0.039058,0.049245,0.013287,0.002000
2,0.009891,0.034154,0.014032,0.002000
2,0.013493,0.017442,0.014543,0.002000
2,0.043173,0.048911,0.014725,0.002000
2,0.025408,0.012579,0.001799,0.002000
2,0.036214,0.010669,0.019161,0.002000
2,0.001865,0.025655,0.004753,0.002000
2,0.026374,0.046858,0.001943,0.002000
2,0.000845,0.007691,0.007116,0.002000
2,0.046927,0.040145,0.028306,0.002000
2,0.015942,0.031549,0.025400,0.002000
2,0.010474,0.018231,0.005855,0.002000
2,0.012082,0.032969,0.017104,0.002000
2,0.010311,0.023836,0.007787,0.002000
2,0.033602,0.023922,0.006842,0.002000
2,0.012460,0.018563,0.001544,0.002000
2,0.048845,0.025122,0.025223,0.002000
2,0.040623,0.039699,0.016801,0.002000
2,0.006202,0.028828,0.012819,0.002000
2,0.003415,0.041334,0.001595,0.002000
2,0.048533,0.026944,0.010991,0.002000
2,0.026943,0.022162,0.018793,0.002000
2,0.009048,0.016824,0.002465,0.002000
2,0.001544,0.032353,0.001772,0.002000
2,0.010056,0.016954,0.016462,0.002000
2,0.003064,0.048389,0.028291,0.002000
2,0.048325,0.000240,0.001949,0.002000
2,0.009354,0.024826,0.002035,0.002000
2,0.032510,0.014557,0.014282,0.002000
2,0.002684,0.027563,0.015260,0.002000
2,0.005679,0.043381,0.021011,0.002000
2,0.006720,0.027728,0.002079,0.002000
2,0.038860,0.047521,0.017825,0.002000
2,0.021741,0.031541,0.012771,0.002000
2,0.048828,0.044228,0.021112,0.002000
2,0.033229,0.036783,0.012398,0.002000
2,0.037607,0.001698,0.016056,0.002000
2,0.040550,0.049824,0.028195,0.002000
2,0.016151,0.018517,0.000096,0.002000
2,0.015437,0.032884,0.021698,0.002000
2,0.046337,0.023385,0.028302,0.002000
2,0.043144,0.017761,0.024508,0.002000
2,0.026797,0.008300,0.021798,0.002000
2,0.046186,0.007911,0.004584,0.002000
2,0.003068,0.026477,0.010527,0.002000
2,0.012840,0.029424,0.001985,0.002000
2,0.048088,0.032206,0.010612,0.002000
2,0.016974,0.041563,0.010614,0.002000
2,0.047737,0.000605,0.024823,0.002000
2,0.022174,0.033441,0.028245,0.002000
2,0.005141,0.042166,0.009892,0.002000
2,0.023116,0.035014,0.024150,0.002000
2,0.047172,0.039389,0.021493,0.002000
2,0.034699,0.029265,0.016075,0.002000
2,0.008853,0.029114,0.027497,0.002000
2,0.035826,0.004485,0.004733,0.002000
2,0.012432,0.021683,0.005385,0.002000
2,0.011557,0.007705,0.027589,0.002000
2,0.042851,0.003887,0.017585,0.002000
2,0.045207,0.015551,0.028306,0.002000
2,0.049575,0.035481,0.027888,0.002000
2,0.024303,0.023721,0.002516,0.002000
2,0.040511,0.027093,0.008654,0.002000
2,0.047613,0.029431,0.005066,0.002000
2,0.033818,0.024954,0.017674,0.002000
2,0.014440,0.026947,0.025208,0.002000
2,0.022963,0.021847,0.018894,0.002000
2,0.016622,0.039042,0.006626,0.002000
2,0.031196,0.049963,0.002065,0.002000
2,0.043951,0.034804,0.027534,0.002000
2,0.038919,0.010695,0.016363,0.002000
2,0.029158,0.034735,0.011642,0.002000
2,0.021335,0.045686,0.027175,0.002000
2,0.021974,0.000924,0.028010,0.002000
2,0.021895,0.037893,0.000835,0.002000
2,0.003296,0.042212,0.005519,0.002000
2,0.047106,0.021546,0.024858,0.002000
2,0.002079,0.042151,0.017574,0.002000
2,0.007255,0.008991,0.006915,0.002000
2,0.013225,0.028883,0.028356,0.002000
2,0.041188,0.013613,0.028907,0.002000
2,0.019998,0.043194,0.001713,0.002000
2,0.008654,0.021450,0.004523,0.002000
2,0.004629,0.027950,0.006627,0.002000
2,0.041359,0.011977,0.004762,0.002000
2,0.016125,0.004896,0.004209,0.002000
2,0.013635,0.005229,0.001278,0.002000
2,0.012101,0.023751,0.024667,0.002000
2,0.007946,0.028210,0.016235,0.002000
2,0.031338,0.009292,0.016850,0.002000
2,0.020829,0.020482,0.014470,0.002000
2,0.013112,0.037335,0.015848,0.002000
2,0.042228,0.001453,0.004157,0.002000
2,0.037782,0.037736,0.009906,0.002000
2,0.007178,0.042903,0.002241,0.002000
2,0.014312,0.033081,0.012945,0.002000
2,0.044527,0.013664,0.003059,0.002000
2,0.004294,0.003425,0.027968,0.002000
2,0.008223,0.004137,0.024469,0.002000
2,0.013601,0.040458,0.008790,0.002000
2,0.032472,0.040635,0.011724,0.002000
2,0.033325,0.039362,0.003327,0.002000
2,0.049297,0.017975,0.028336,0.002000
2,0.007752,0.048492,0.027778,0.002000
2,0.048272,0.013830,0.001723,0.002000
2,0.048930,0.027203,0.018801,0.002000
2,0.024134,0.019907,0.016103,0.002000
2,0.028378,0.005247,0.018425,0.002000
2,0.033758,0.004173,0.007967,0.002000
2,0.044123,0.009971,0.001777,0.002000
2,0.007619,0.025641,0.005542,0.002000
2,0.024320,0.001310,0.021853,0.002000
2,0.020010,0.011655,0.002158,0.002000
2,0.044691,0.024812,0.017490,0.002000
2,0.000729,0.023047,0.010861,0.002000
2,0.022295,0.014651,0.000856,0.002000
2,0.030435,0.018192,0.013855,0.002000
2,0.017513,0.039438,0.002842,0.002000
2,0.043319,0.011297,0.015630,0.002000
2,0.037150,0.019930,0.002640,0.002000
2,0.044040,0.030038,0.028290,0.002000
2,0.034594,0.040441,0.015073,0.002000
2,0.012845,0.014895,0.006468,0.002000
2,0.000607,0.042551,0.009010,0.002000
2,0.045654,0.046442,0.022003,0.002000
2,0.010513,0.024088,0.028299,0.002000
2,0.046617,0.024787,0.020991,0.002000
2,0.049795,0.010477,0.004184,0.002000
2,0.040478,0.026925,0.002215,0.002000
2,0.042665,0.014186,0.008743,0.002000
2,0.039408,0.015443,0.005361,0.002000
2,0.043414,0.045271,0.012314,0.002000
2,0.011076,0.012897,0.016824,0.002000
2,0.036250,0.024788,0.010526,0.002000
2,0.017419,0.017672,0.015190,0.002000
2,0.029786,0.044714,0.025361,0.002000
2,0.000522,0.043958,0.001837,0.002000
2,0.020278,0.048993,0.008780,0.002000
2,0.033867,0.006689,0.002045,0.002000
2,0.040501,0.032931,0.028286,0.002000
2,0.029984,0.045214,0.003099,0.002000
2,0.027991,0.041285,0.000126,0.002000
2,0.027547,0.043050,0.028286,0.002000
2,0.042738,0.004601,0.001866,0.002000
2,0.021589,0.010728,0.022887,0.002000
2,0.031500,0.018966,0.017618,0.002000
2,0.045965,0.000150,0.019794,0.002000
2,0.014729,0.025378,0.002840,0.002000
2,0.022720,0.049459,0.011866,0.002000
2,0.031892,0.026676,0.020693,0.002000
2,0.020104,0.026405,0.010848,0.002000
2,0.009876,0.012828,0.005104,0.002000
2,0.006468,0.033121,0.012280,0.002000
2,0.001278,0.013771,0.017975,0.002000
2,0.031593,0.037474,0.028286,0.002000
2,0.037403,0.012542,0.028366,0.002000
2,0.002663,0.033707,0.010761,0.002000
2,0.017045,0.011480,0.004713,0.002000
2,0.049147,0.029337,0.015215,0.002000
2,0.003400,0.029343,0.003250,0.002000
2,0.009731,0.004496,0.001708,0.002000
2,0.046721,0.011600,0.012195,0.002000
2,0.049101,0.017474,0.021871,0.002000
2,0.046668,0.015953,0.019202,0.002000
2,0.007300,0.023922,0.010412,0.002000
2,0.010220,0.039100,0.018562,0.002000
2,0.027734,0.039301,0.026920,0.002000
2,0.045177,0.034497,0.011914,0.002000
2,0.001062,0.038141,0.014083,0.002000
2,0.044673,0.019760,0.028298,0.002000
2,0.005019,0.047252,0.021669,0.002000
2,0.049320,0.049779,0.028327,0.002000
2,0.008662,0.012930,0.001274,0.002000
2,0.004583,0.030395,0.009645,0.002000
2,0.006244,0.004875,0.008471,0.002000
2,0.047314,0.001422,0.012070,0.002000
2,0.010875,0.000203,0.025994,0.002000
2,0.024562,0.004231,0.018175,0.002000
2,0.001042,0.046305,0.007809,0.002000
2,0.029002,0.004141,0.010984,0.002000
2,0.021190,0.006251,0.011916,0.002000
2,0.048934,0.047616,0.016344,0.002000
2,0.025989,0.046709,0.028287,0.002000
2,0.046800,0.013201,0.016357,0.002000
2,0.016687,0.008276,0.002282,0.002000
2,0.014627,0.000580,0.028358,0.002000
2,0.017325,0.033893,0.028298,0.002000
2,0.011805,0.019707,0.009877,0.002000
2,0.009157,0.001398,0.009443,0.002000
2,0.021538,0.031098,0.020125,0.002000
2,0.036820,0.039668,0.001090,0.002000
2,0.048735,0.045832,0.028309,0.002000
2,0.009055,0.024422,0.014243,0.002000
2,0.021365,0.007728,0.028154,0.002000
2,0.030162,0.048359,0.005515,0.002000
2,0.004155,0.040637,0.024790,0.002000
2,0.023258,0.039082,0.027253,0.002000
2,0.046614,0.009309,0.015391,0.002000
2,0.014414,0.025537,0.006663,0.002000
2,0.002713,0.003179,0.001790,0.002000
2,0.046316,0.036995,0.025112,0.002000
2,0.024851,0.033636,0.014138,0.002000
2,0.044084,0.000299,0.023313,0.002000
2,0.028350,0.022454,0.001676,0.002000
2,0.024714,0.005233,0.022385,0.002000
2,0.017623,0.003199,0.000913,0.002000
2,0.006334,0.035909,0.028307,0.002000
2,0.006485,0.002041,0.002356,0.002000
2,0.001296,0.025670,0.028294,0.002000
2,0.004258,0.023914,0.007935,0.002000
2,0.004714,0.044723,0.027313,0.002000
2,0.023572,0.012377,0.027732,0.002000
2,0.036462,0.048544,0.020543,0.002000
2,0.032811,0.038270,0.008789,0.002000
2,0.047040,0.032365,0.025790,0.002000
2,0.037486,0.024349,0.001894,0.002000
2,0.018476,0.028944,0.028286,0.002000
2,0.019934,0.033268,0.017636,0.002000
2,0.004865,0.045270,0.007464,0.002000
2,0.006223,0.007110,0.001499,0.002000
2,0.017510,0.047436,0.027016,0.002000
2,0.011633,0.023554,0.011412,0.002000
2,0.048694,0.005271,0.028299,0.002000
2,0.049248,0.049725,0.006789,0.002000
2,0.039539,0.026402,0.013229,0.002000
2,0.023911,0.018128,0.022398,0.002000
2,0.018980,0.047518,0.012234,0.002000
2,0.047661,0.020821,0.013685,0.002000
2,0.037138,0.037410,0.015339,0.002000
2,0.001392,0.046230,0.024443,0.002000
2,0.025946,0.018644,0.001725,0.002000
2,0.045000,0.020349,0.021078,0.002000
2,0.000193,0.023705,0.014744,0.002000
2,0.008874,0.040854,0.009596,0.002000
2,0.001152,0.040659,0.028311,0.002000
2,0.047997,0.029199,0.028034,0.002000
2,0.016668,0.030433,0.011097,0.002000
2,0.020361,0.046968,0.000528,0.002000
2,0.004206,0.049900,0.006764,0.002000
2,0.032892,0.032066,0.012695,0.002000
2,0.042878,0.029267,0.005465,0.002000
2,0.023899,0.008578,0.025206,0.002000
2,0.045715,0.040477,0.015153,0.002000
2,0.012150,0.036731,0.011496,0.002000
2,0.012365,0.014644,0.002431,0.002000
2,0.039720,0.016859,0.001696,0.002000
2,0.015815,0.036319,0.009327,0.002000
2,0.011303,0.029366,0.023600,0.002000
2,0.032522,0.024208,0.002481,0.002000
2,0.020533,0.041882,0.028109,0.002000
2,0.015414,0.007519,0.028624,0.002000
2,0.003070,0.033596,0.028302,0.002000
2,0.028088,0.039926,0.014481,0.002000
2,0.024460,0.029733,0.017945,0.002000
2,0.036915,0.020211,0.008248,0.002000
2,0.025804,0.034830,0.027299,0.002000
2,0.005035,0.046285,0.003661,0.002000
2,0.005227,0.018592,0.003131,0.002000
2,0.032272,0.007512,0.009542,0.002000
2,0.009325,0.018059,0.027948,0.002000
2,0.009005,0.027304,0.009245,0.002000
2,0.040380,0.049807,0.021959,0.002000
2,0.005195,0.026493,0.028300,0.002000
2,0.004903,0.005395,0.004848,0.002000
2,0.049691,0.028943,0.024427,0.002000
2,0.010153,0.028546,0.013097,0.002000
2,0.045421,0.026861,0.024272,0.002000
2,0.000959,0.030341,0.008007,0.002000
2,0.028555,0.008085,0.010632,0.002000
2,0.020237,0.002539,0.014169,0.002000
2,0.045846,0.002237,0.015716,0.002000
2,0.013767,0.010930,0.002537,0.002000
2,0.046822,0.045619,0.006188,0.002000
2,0.037757,0.005857,0.001651,0.002000
2,0.027739,0.035040,0.002553,0.002000
2,0.005151,0.040348,0.028499,0.002000
2,0.028615,0.005758,0.014550,0.002000
2,0.040703,0.008355,0.002708,0.002000
2,0.032195,0.020548,0.000949,0.002000
2,0.037460,0.026715,0.017387,0.002000
2,0.010706,0.031672,0.011092,0.002000
2,0.008279,0.009754,0.003324,0.002000
2,0.047572,0.020837,0.017665,0.002000
2,0.015197,0.024489,0.010099,0.002000
2,0.045110,0.048434,0.028294,0.002000
2,0.038692,0.040671,0.013132,0.002000
2,0.007281,0.021006,0.000931,0.002000
2,0.039073,0.003121,0.020200,0.002000
2,0.022834,0.047540,0.003595,0.002000
2,0.048740,0.004180,0.002402,0.002000
2,0.012430,0.028778,0.005899,0.002000
2,0.005286,0.037441,0.012535,0.002000
2,0.039202,0.012842,0.001600,0.002000
2,0.020656,0.011210,0.008628,0.002000
2,0.042280,0.042554,0.014872,0.002000
2,0.001766,0.045159,0.015012,0.002000
2,0.048957,0.016734,0.015944,0.002000
2,0.047978,0.043178,0.025188,0.002000
2,0.049157,0.047683,0.011023,0.002000
2,0.023670,0.016335,0.028295,0.002000
2,0.041756,0.000135,0.018228,0.002000
2,0.016516,0.000701,0.012589,0.002000
2,0.009118,0.000394,0.021989,0.002000
2,0.045076,0.043710,0.009159,0.002000
2,0.045714,0.029426,0.008634,0.002000
2,0.029932,0.022854,0.005160,0.002000
2,0.030971,0.001327,0.008097,0.002000
2,0.049795,0.028796,0.001894,0.002000
2,0.039191,0.016165,0.026708,0.002000
2,0.033293,0.007352,0.005784,0.002000
2,0.026205,0.045588,0.023847,0.002000
2,0.045621,0.003364,0.004541,0.002000
2,0.012916,0.015988,0.010898,0.002000
2,0.004144,0.009859,0.004859,0.002000
2,0.040433,0.045911,0.014804,0.002000
2,0.037917,0.007057,0.017448,0.002000
2,0.009759,0.014993,0.019935,0.002000
2,0.044246,0.027933,0.001562,0.002000
2,0.041296,0.049460,0.001038,0.002000
2,0.009060,0.038023,0.013562,0.002000
2,0.044981,0.048558,0.011210,0.002000
2,0.044298,0.044854,0.002215,0.002000
2,0.030050,0.009246,0.001211,0.002000
2,0.032597,0.004892,0.012394,0.002000
2,0.017722,0.034454,0.014449,0.002000
2,0.027414,0.026205,0.004328,0.002000
2,0.025867,0.007203,0.028341,0.002000
2,0.001427,0.046624,0.019287,0.002000
2,0.014390,0.032559,0.008872,0.002000
2,0.004351,0.024623,0.001581,0.002000
2,0.034030,0.013553,0.017725,0.002000
