"# Nd2O3-doped modelC DOS/PDOS (states/eV), gap=1.63 eV, Gaussian sigma=0.15 eV, EF=0, bonding=below 0"
E_minus_EF_eV,DOS_total,DOS_S,DOS_P,DOS_Cl,DOS_O,DOS_Li,DOS_Nd,DOS_Nd_4f
-7.989,0.0166,0.0042,0.0016,0.0001,0.0002,0.0006,0.0099,0.0099
-7.949,0.0265,0.0041,0.0017,0.0001,0.0006,0.0006,0.0195,0.0194
-7.909,0.0526,0.0040,0.0018,0.0002,0.0016,0.0007,0.0442,0.0441
-7.869,0.1088,0.0042,0.0025,0.0005,0.0041,0.0009,0.0966,0.0965
-7.829,0.2203,0.0053,0.0040,0.0010,0.0096,0.0015,0.1987,0.1984
-7.789,0.4254,0.0080,0.0075,0.0020,0.0212,0.0029,0.3838,0.3831
-7.749,0.7769,0.0135,0.0144,0.0036,0.0439,0.0055,0.6957,0.6944
-7.709,1.3372,0.0233,0.0270,0.0062,0.0857,0.0102,1.1843,1.1818
-7.669,2.1684,0.0394,0.0483,0.0100,0.1578,0.0182,1.8938,1.8893
-7.629,3.3152,0.0640,0.0824,0.0151,0.2741,0.0310,2.8467,2.8390
-7.589,4.7844,0.0999,0.1334,0.0216,0.4500,0.0501,4.0259,4.0137
-7.549,6.5305,0.1495,0.2054,0.0292,0.6992,0.0770,5.3639,5.3453
-7.509,8.4516,0.2156,0.3015,0.0374,1.0293,0.1128,6.7451,6.7181
-7.469,10.4050,0.3005,0.4226,0.0457,1.4377,0.1575,8.0261,7.9888
-7.429,12.2366,0.4064,0.5671,0.0532,1.9089,0.2103,9.0696,9.0203
-7.389,13.8160,0.5349,0.7309,0.0597,2.4141,0.2688,9.7794,9.7168
-7.349,15.0631,0.6871,0.9080,0.0646,2.9151,0.3301,10.1226,10.0458
-7.309,15.9560,0.8631,1.0915,0.0681,3.3712,0.3905,10.1286,10.0374
-7.269,16.5187,1.0619,1.2750,0.0703,3.7476,0.4467,9.8675,9.7622
-7.229,16.7980,1.2810,1.4536,0.0714,4.0227,0.4965,9.4174,9.2989
-7.189,16.8419,1.5166,1.6245,0.0718,4.1919,0.5387,8.8386,8.7080
-7.149,16.6890,1.7640,1.7865,0.0716,4.2664,0.5736,8.1639,8.0228
-7.109,16.3705,2.0178,1.9391,0.0708,4.2683,0.6024,7.4067,7.2569
-7.069,15.9194,2.2735,2.0820,0.0697,4.2226,0.6269,6.5775,6.4211
-7.029,15.3782,2.5289,2.2151,0.0684,4.1504,0.6487,5.6983,5.5370
-6.989,14.8029,2.7868,2.3390,0.0672,4.0641,0.6698,4.8061,4.6415
-6.949,14.2609,3.0579,2.4575,0.0666,3.9678,0.6922,3.9472,3.7794
-6.909,13.8297,3.3636,2.5798,0.0670,3.8606,0.7194,3.1652,2.9929
-6.869,13.5943,3.7359,2.7220,0.0690,3.7417,0.7559,2.4920,2.3121
-6.829,13.6423,4.2145,2.9058,0.0732,3.6149,0.8077,1.9433,1.7508
-6.789,14.0525,4.8380,3.1545,0.0803,3.4894,0.8805,1.5196,1.3082
-6.749,14.8755,5.6325,3.4862,0.0906,3.3776,0.9783,1.2105,0.9738
-6.709,16.1139,6.6001,3.9072,0.1042,3.2906,1.1010,0.9990,0.7317
-6.669,17.7095,7.7132,4.4068,0.1207,3.2344,1.2438,0.8650,0.5639
-6.629,19.5492,8.9169,4.9592,0.1394,3.2081,1.3970,0.7882,0.4529
-6.589,21.4891,10.1419,5.5286,0.1593,3.2051,1.5488,0.7497,0.3831
-6.549,23.3923,11.3240,6.0803,0.1798,3.2165,1.6878,0.7341,0.3411
-6.509,25.1660,12.4232,6.5908,0.2003,3.2327,1.8069,0.7295,0.3167
-6.469,26.7864,13.4375,7.0555,0.2213,3.2456,1.9049,0.7278,0.3021
-6.429,28.3012,14.4046,7.4895,0.2440,3.2479,1.9876,0.7241,0.2923
-6.389,29.8092,15.3901,7.9230,0.2701,3.2318,2.0652,0.7161,0.2838
-6.349,31.4220,16.4658,8.3900,0.3017,3.1892,2.1501,0.7028,0.2747
-6.309,33.2172,17.6812,8.9156,0.3401,3.1110,2.2520,0.6844,0.2639
-6.269,35.1990,19.0399,9.5033,0.3856,2.9887,2.3750,0.6616,0.2510
-6.229,37.2775,20.4867,10.1296,0.4371,2.8157,2.5151,0.6354,0.2360
-6.189,39.2791,21.9131,10.7458,0.4920,2.5895,2.6610,0.6067,0.2190
-6.149,40.9866,23.1816,11.2890,0.5470,2.3133,2.7966,0.5760,0.2004
-6.109,42.1983,24.1608,11.6992,0.5989,1.9972,2.9053,0.5442,0.1807
-6.069,42.7851,24.7610,11.9352,0.6452,1.6584,2.9744,0.5119,0.1605
-6.029,42.7248,24.9563,11.9850,0.6851,1.3186,2.9988,0.4799,0.1404
-5.989,42.1003,24.7856,11.8664,0.7188,1.0000,2.9812,0.4486,0.1213
-5.949,41.0672,24.3351,11.6186,0.7480,0.7211,2.9310,0.4185,0.1037
-5.909,39.8057,23.7101,11.2895,0.7749,0.4933,2.8610,0.3890,0.0880
-5.869,38.4779,23.0090,10.9238,0.8026,0.3199,2.7838,0.3595,0.0745
-5.829,37.2055,22.3077,10.5566,0.8355,0.1972,2.7095,0.3293,0.0629
-5.789,36.0694,21.6572,10.2122,0.8800,0.1169,2.6447,0.2982,0.0530
-5.749,35.1255,21.0902,9.9074,0.9465,0.0698,2.5929,0.2674,0.0447
-5.709,34.4223,20.6295,9.6546,1.0508,0.0481,2.5563,0.2395,0.0378
-5.669,34.0097,20.2916,9.4625,1.2151,0.0475,2.5370,0.2183,0.0324
-5.629,33.9342,20.0825,9.3342,1.4683,0.0679,2.5385,0.2084,0.0288
-5.589,34.2232,19.9897,9.2620,1.8444,0.1135,2.5653,0.2142,0.0274
-5.549,34.8672,19.9742,9.2241,2.3784,0.1924,2.6223,0.2389,0.0285
-5.509,35.8087,19.9687,9.1845,3.1007,0.3149,2.7137,0.2838,0.0322
-5.469,36.9456,19.8873,9.0979,4.0305,0.4909,2.8416,0.3477,0.0384
-5.429,38.1496,19.6440,8.9195,5.1696,0.7272,3.0048,0.4267,0.0465
-5.389,39.2964,19.1757,8.6170,6.4995,1.0241,3.1995,0.5151,0.0561
-5.349,40.2964,18.4621,8.1802,7.9833,1.3734,3.4193,0.6058,0.0661
-5.309,41.1158,17.5333,7.6255,9.5719,1.7588,3.6571,0.6917,0.0757
-5.269,41.7806,16.4634,6.9919,11.2138,2.1573,3.9063,0.7670,0.0843
-5.229,42.3619,15.3501,6.3309,12.8652,2.5432,4.1624,0.8272,0.0911
-5.189,42.9489,14.2875,5.6923,14.4988,2.8929,4.4237,0.8697,0.0958
-5.149,43.6224,13.3431,5.1122,16.1097,3.1876,4.6916,0.8937,0.0984
-5.109,44.4392,12.5454,4.6055,17.7174,3.4162,4.9701,0.9001,0.0990
-5.069,45.4352,11.8860,4.1664,19.3663,3.5749,5.2661,0.8910,0.0979
-5.029,46.6417,11.3347,3.7754,21.1225,3.6665,5.5885,0.8700,0.0955
-4.989,48.1036,10.8583,3.4089,23.0644,3.6988,5.9477,0.8421,0.0923
-4.949,49.8828,10.4361,3.0491,25.2668,3.6826,6.3532,0.8123,0.0889
-4.909,52.0408,10.0663,2.6890,27.7771,3.6301,6.8104,0.7853,0.0856
-4.869,54.6012,9.7617,2.3333,30.5892,3.5536,7.3160,0.7642,0.0827
-4.829,57.5115,9.5393,1.9949,33.6242,3.4643,7.8540,0.7498,0.0802
-4.789,60.6237,9.4087,1.6886,36.7305,3.3716,8.3957,0.7406,0.0780
-4.749,63.7148,9.3664,1.4263,39.7087,3.2833,8.9038,0.7339,0.0758
-4.709,66.5448,9.3969,1.2140,42.3619,3.2057,9.3419,0.7271,0.0736
-4.669,68.9362,9.4804,1.0507,44.5540,3.1441,9.6854,0.7187,0.0713
-4.629,70.8417,9.6020,0.9304,46.2574,3.1026,9.9305,0.7095,0.0689
-4.589,72.3704,9.7582,0.8448,47.5683,3.0840,10.0964,0.7023,0.0667
-4.549,73.7574,9.9570,0.7856,48.6799,3.0891,10.2196,0.7011,0.0651
-4.509,75.2831,10.2133,0.7462,49.8193,3.1171,10.3415,0.7100,0.0643
-4.469,77.1729,10.5398,0.7219,51.1699,3.1667,10.4938,0.7321,0.0645
-4.429,79.5127,10.9411,0.7099,52.8043,3.2371,10.6876,0.7687,0.0657
-4.389,82.2106,11.4103,0.7081,54.6529,3.3294,10.9094,0.8191,0.0679
-4.349,85.0144,11.9320,0.7148,56.5146,3.4469,11.1255,0.8802,0.0709
-4.309,87.5772,12.4888,0.7279,58.1071,3.5935,11.2924,0.9476,0.0745
-4.269,89.5487,13.0694,0.7449,59.1377,3.7725,11.3688,1.0158,0.0784
-4.229,90.6645,13.6751,0.7635,59.3765,3.9846,11.3264,1.0792,0.0822
-4.189,90.8119,14.3228,0.7814,58.7133,4.2260,11.1564,1.1331,0.0859
-4.149,90.0560,15.0422,0.7967,57.1842,4.4885,10.8715,1.1740,0.0890
-4.109,88.6224,15.8695,0.8082,54.9629,4.7587,10.5027,1.2000,0.0917
-4.069,86.8380,16.8370,0.8152,52.3193,5.0192,10.0925,1.2108,0.0937
-4.029,85.0482,17.9634,0.8172,49.5550,5.2497,9.6857,1.2074,0.0951
-3.989,83.5308,19.2464,0.8139,46.9333,5.4281,9.3197,1.1915,0.0958
-3.949,82.4350,20.6621,0.8049,44.6236,5.5330,9.0177,1.1656,0.0960
-3.909,81.7622,22.1715,0.7897,42.6769,5.5463,8.7861,1.1326,0.0957
-3.869,81.3925,23.7312,0.7680,41.0356,5.4562,8.6165,1.0956,0.0950
-3.829,81.1437,25.3051,0.7398,39.5721,5.2589,8.4914,1.0578,0.0940
-3.789,80.8374,26.8731,0.7057,38.1389,4.9604,8.3919,1.0219,0.0930
-3.749,80.3506,28.4328,0.6670,36.6112,4.5759,8.3038,0.9897,0.0921
-3.709,79.6391,29.9968,0.6258,34.9129,4.1285,8.2202,0.9620,0.0914
-3.669,78.7335,31.5874,0.5844,33.0201,3.6459,8.1419,0.9388,0.0910
-3.629,77.7195,33.2318,0.5451,30.9525,3.1571,8.0758,0.9197,0.0909
-3.589,76.7126,34.9580,0.5101,28.7582,2.6890,8.0308,0.9049,0.0911
-3.549,75.8346,36.7904,0.4811,26.5012,2.2634,8.0155,0.8947,0.0916
-3.509,75.1889,38.7398,0.4593,24.2511,1.8956,8.0345,0.8903,0.0923
-3.469,74.8354,40.7903,0.4448,22.0763,1.5941,8.0855,0.8926,0.0933
-3.429,74.7685,42.8862,0.4372,20.0370,1.3608,8.1576,0.9021,0.0944
-3.389,74.9077,44.9281,0.4351,18.1787,1.1920,8.2316,0.9183,0.0957
-3.349,75.1091,46.7852,0.4366,16.5267,1.0804,8.2831,0.9391,0.0969
-3.309,75.2018,48.3236,0.4396,15.0846,1.0164,8.2891,0.9617,0.0981
-3.269,75.0376,49.4436,0.4423,13.8372,0.9904,8.2339,0.9825,0.0989
-3.229,74.5372,50.1106,0.4430,12.7569,0.9943,8.1148,0.9981,0.0992
-3.189,73.7150,50.3689,0.4410,11.8113,1.0229,7.9435,1.0061,0.0990
-3.149,72.6760,50.3340,0.4357,10.9692,1.0738,7.7431,1.0055,0.0982
-3.109,71.5898,50.1683,0.4273,10.2057,1.1468,7.5429,0.9975,0.0971
-3.069,70.6551,50.0512,0.4162,9.5050,1.2424,7.3721,0.9853,0.0960
-3.029,70.0657,50.1511,0.4033,8.8611,1.3601,7.2546,0.9735,0.0953
-2.989,69.9830,50.6054,0.3896,8.2775,1.4959,7.2061,0.9678,0.0955
-2.949,70.5128,51.5035,0.3766,7.7643,1.6414,7.2324,0.9731,0.0971
-2.909,71.6845,52.8732,0.3656,7.3342,1.7835,7.3290,0.9928,0.1003
-2.869,73.4355,54.6710,0.3576,6.9963,1.9054,7.4812,1.0276,0.1051
-2.829,75.6089,56.7816,0.3530,6.7510,1.9904,7.6654,1.0753,0.1114
-2.789,77.9730,59.0329,0.3515,6.5872,2.0247,7.8524,1.1310,0.1188
-2.749,80.2621,61.2268,0.3521,6.4833,2.0014,8.0123,1.1886,0.1266
-2.709,82.2310,63.1801,0.3537,6.4104,1.9224,8.1199,1.2422,0.1342
-2.669,83.7048,64.7625,0.3551,6.3388,1.7971,8.1599,1.2869,0.1412
-2.629,84.6105,65.9201,0.3555,6.2438,1.6404,8.1293,1.3194,0.1471
-2.589,84.9799,66.6779,0.3543,6.1096,1.4687,8.0372,1.3384,0.1515
-2.549,84.9274,67.1231,0.3517,5.9308,1.2967,7.9014,1.3443,0.1544
-2.509,84.6114,67.3748,0.3479,5.7115,1.1354,7.7432,1.3381,0.1555
-2.469,84.1922,67.5520,0.3435,5.4622,0.9914,7.5833,1.3219,0.1550
-2.429,83.7961,67.7444,0.3387,5.1957,0.8678,7.4375,1.2980,0.1529
-2.389,83.4906,67.9941,0.3338,4.9247,0.7649,7.3145,1.2685,0.1495
-2.349,83.2739,68.2867,0.3291,4.6587,0.6815,7.2162,1.2353,0.1451
-2.309,83.0800,68.5565,0.3244,4.4036,0.6155,7.1377,1.1993,0.1399
-2.269,82.7969,68.7017,0.3193,4.1619,0.5639,7.0702,1.1606,0.1344
-2.229,82.2951,68.6091,0.3137,3.9335,0.5235,7.0022,1.1188,0.1287
-2.189,81.4603,68.1822,0.3072,3.7166,0.4909,6.9226,1.0730,0.1229
-2.149,80.2212,67.3652,0.2998,3.5090,0.4630,6.8221,1.0231,0.1173
-2.109,78.5665,66.1573,0.2914,3.3084,0.4375,6.6943,0.9692,0.1119
-2.069,76.5446,64.6119,0.2823,3.1124,0.4126,6.5364,0.9126,0.1067
-2.029,74.2484,62.8223,0.2726,2.9189,0.3876,6.3483,0.8548,0.1017
-1.989,71.7897,60.8975,0.2625,2.7262,0.3622,6.1322,0.7977,0.0971
-1.949,69.2707,58.9349,0.2520,2.5330,0.3363,5.8918,0.7432,0.0928
-1.909,66.7617,56.9990,0.2411,2.3392,0.3101,5.6315,0.6926,0.0886
-1.869,64.2892,55.1103,0.2298,2.1452,0.2838,5.3560,0.6465,0.0845
-1.829,61.8388,53.2487,0.2181,1.9526,0.2578,5.0694,0.6050,0.0802
-1.789,59.3699,51.3682,0.2062,1.7636,0.2323,4.7757,0.5675,0.0758
-1.749,56.8375,49.4181,0.1940,1.5805,0.2076,4.4784,0.5330,0.0712
-1.709,54.2119,47.3631,0.1819,1.4061,0.1844,4.1805,0.5005,0.0664
-1.669,51.4895,45.1931,0.1702,1.2431,0.1632,3.8851,0.4696,0.0617
-1.629,48.6895,42.9209,0.1589,1.0942,0.1443,3.5949,0.4399,0.0571
-1.589,45.8405,40.5701,0.1483,0.9612,0.1282,3.3121,0.4116,0.0529
-1.549,42.9649,38.1608,0.1382,0.8451,0.1148,3.0381,0.3847,0.0491
-1.509,40.0699,35.7005,0.1285,0.7453,0.1040,2.7731,0.3590,0.0459
-1.469,37.1498,33.1872,0.1189,0.6603,0.0951,2.5170,0.3339,0.0429
-1.429,34.1996,30.6207,0.1093,0.5875,0.0876,2.2696,0.3086,0.0401
-1.389,31.2320,28.0173,0.0997,0.5241,0.0809,2.0320,0.2821,0.0373
-1.349,28.2875,25.4190,0.0902,0.4675,0.0745,1.8061,0.2540,0.0342
-1.309,25.4323,22.8901,0.0812,0.4163,0.0683,1.5950,0.2243,0.0309
-1.269,22.7423,20.5030,0.0728,0.3694,0.0625,1.4019,0.1934,0.0272
-1.229,20.2797,18.3165,0.0655,0.3266,0.0570,1.2290,0.1626,0.0234
-1.189,18.0725,16.3565,0.0592,0.2878,0.0521,1.0764,0.1331,0.0197
-1.149,16.1042,14.6079,0.0538,0.2529,0.0476,0.9421,0.1062,0.0161
-1.109,14.3200,13.0196,0.0489,0.2213,0.0434,0.8225,0.0826,0.0128
-1.069,12.6461,11.5236,0.0444,0.1922,0.0393,0.7132,0.0628,0.0101
-1.029,11.0160,10.0586,0.0397,0.1649,0.0350,0.6106,0.0469,0.0077
-0.989,9.3929,8.5916,0.0348,0.1388,0.0305,0.5123,0.0344,0.0058
-0.949,7.7811,7.1274,0.0295,0.1139,0.0257,0.4183,0.0248,0.0043
-0.909,6.2212,5.7050,0.0242,0.0904,0.0208,0.3304,0.0176,0.0032
-0.869,4.7749,4.3824,0.0190,0.0692,0.0161,0.2509,0.0122,0.0023
-0.829,3.5031,3.2172,0.0143,0.0507,0.0119,0.1825,0.0082,0.0016
-0.789,2.4486,2.2498,0.0102,0.0355,0.0084,0.1266,0.0054,0.0010
-0.749,1.6268,1.4952,0.0069,0.0236,0.0056,0.0836,0.0034,0.0007
-0.709,1.0253,0.9425,0.0044,0.0149,0.0035,0.0524,0.0020,0.0004
-0.669,0.6122,0.5628,0.0027,0.0090,0.0021,0.0312,0.0012,0.0002
-0.629,0.3458,0.3180,0.0016,0.0051,0.0012,0.0176,0.0006,0.0001
-0.589,0.1847,0.1698,0.0008,0.0027,0.0006,0.0093,0.0003,0.0001
-0.549,0.0932,0.0857,0.0004,0.0014,0.0003,0.0047,0.0002,0.0000
-0.509,0.0443,0.0407,0.0002,0.0007,0.0002,0.0022,0.0001,0.0000
-0.469,0.0198,0.0182,0.0001,0.0003,0.0001,0.0010,0.0000,0.0000
-0.429,0.0083,0.0076,0.0000,0.0001,0.0000,0.0004,0.0000,0.0000
-0.389,0.0031,0.0029,0.0000,0.0000,0.0000,0.0002,0.0000,0.0000
-0.349,0.0011,0.0010,0.0000,0.0000,0.0000,0.0001,0.0000,0.0000
-0.309,0.0003,0.0003,0.0000,0.0000,0.0000,0.0000,0.0000,0.0000
-0.269,0.0001,0.0001,0.0000,0.0000,0.0000,0.0000,0.0000,0.0000
-0.229,0.0000,0.0000,0.0000,0.0000,0.0000,0.0000,0.0000,0.0000
-0.189,0.0000,0.0000,0.0000,0.0000,0.0000,0.0000,0.0000,0.0000
-0.149,0.0000,0.0000,0.0000,0.0000,0.0000,0.0000,0.0000,0.0000
-0.109,0.0000,0.0000,0.0000,0.0000,0.0000,0.0000,0.0000,0.0000
-0.069,0.0000,0.0000,0.0000,0.0000,0.0000,0.0000,0.0000,0.0000
-0.029,0.0000,0.0000,0.0000,0.0000,0.0000,0.0000,0.0000,0.0000
0.011,0.0000,0.0000,0.0000,0.0000,0.0000,0.0000,0.0000,0.0000
0.051,0.0001,0.0000,0.0000,0.0000,0.0000,0.0000,0.0000,0.0000
0.091,0.0002,0.0001,0.0000,0.0000,0.0000,0.0000,0.0000,0.0000
0.131,0.0005,0.0003,0.0001,0.0000,0.0000,0.0001,0.0000,0.0000
0.171,0.0013,0.0006,0.0004,0.0000,0.0000,0.0002,0.0000,0.0000
0.211,0.0030,0.0015,0.0008,0.0000,0.0000,0.0004,0.0001,0.0000
0.251,0.0065,0.0033,0.0018,0.0000,0.0000,0.0008,0.0001,0.0000
0.291,0.0134,0.0067,0.0037,0.0001,0.0001,0.0016,0.0004,0.0001
0.331,0.0260,0.0130,0.0072,0.0001,0.0001,0.0031,0.0008,0.0001
0.371,0.0477,0.0238,0.0131,0.0002,0.0002,0.0057,0.0017,0.0003
0.411,0.0830,0.0411,0.0228,0.0004,0.0003,0.0097,0.0034,0.0006
0.451,0.1371,0.0675,0.0374,0.0006,0.0005,0.0158,0.0067,0.0011
0.491,0.2161,0.1054,0.0585,0.0009,0.0007,0.0245,0.0124,0.0019
0.531,0.3266,0.1575,0.0878,0.0015,0.0010,0.0363,0.0221,0.0033
0.571,0.4768,0.2268,0.1270,0.0022,0.0014,0.0517,0.0379,0.0056
0.611,0.6768,0.3167,0.1787,0.0032,0.0017,0.0715,0.0628,0.0090
0.651,0.9399,0.4319,0.2460,0.0046,0.0022,0.0966,0.1003,0.0140
0.691,1.2824,0.5784,0.3329,0.0065,0.0027,0.1284,0.1539,0.0208
0.731,1.7218,0.7625,0.4439,0.0091,0.0033,0.1686,0.2272,0.0298
0.771,2.2709,0.9892,0.5826,0.0124,0.0041,0.2187,0.3220,0.0411
0.811,2.9309,1.2588,0.7495,0.0166,0.0051,0.2794,0.4378,0.0544
0.851,3.6842,1.5636,0.9402,0.0214,0.0064,0.3493,0.5710,0.0692
0.891,4.4907,1.8869,1.1446,0.0268,0.0078,0.4253,0.7148,0.0852
0.931,5.2931,2.2043,1.3480,0.0324,0.0092,0.5019,0.8604,0.1022
0.971,6.0294,2.4895,1.5338,0.0378,0.0106,0.5734,0.9989,0.1207
1.011,6.6516,2.7220,1.6892,0.0430,0.0118,0.6349,1.1247,0.1434
1.051,7.1447,2.8941,1.8089,0.0477,0.0128,0.6846,1.2383,0.1755
1.091,7.5374,3.0156,1.8981,0.0524,0.0136,0.7249,1.3498,0.2265
1.131,7.9019,3.1119,1.9716,0.0573,0.0144,0.7621,1.4805,0.3115
1.171,8.3401,3.2169,2.0499,0.0632,0.0154,0.8045,1.6631,0.4530
1.211,8.9610,3.3633,2.1524,0.0706,0.0168,0.8604,1.9407,0.6812
1.251,9.8568,3.5723,2.2918,0.0796,0.0188,0.9349,2.3623,1.0332
1.291,11.0830,3.8472,2.4697,0.0903,0.0213,1.0285,2.9769,1.5491
1.331,12.6480,4.1730,2.6767,0.1021,0.0242,1.1371,3.8241,2.2640
1.371,14.5127,4.5215,2.8951,0.1145,0.0275,1.2530,4.9229,3.1976
1.411,16.5973,4.8600,3.1050,0.1266,0.0311,1.3675,6.2608,4.3422
1.451,18.7944,5.1601,3.2894,0.1380,0.0350,1.4733,7.7875,5.6542
1.491,20.9844,5.4049,3.4390,0.1483,0.0394,1.5668,9.4165,7.0545
1.531,23.0545,5.5912,3.5534,0.1575,0.0445,1.6482,11.0385,8.4398
1.571,24.9182,5.7278,3.6400,0.1661,0.0508,1.7216,12.5441,9.7037
1.611,26.5321,5.8313,3.7119,0.1748,0.0588,1.7941,13.8492,10.7619
1.651,27.9051,5.9228,3.7849,0.1843,0.0689,1.8735,14.9125,11.5699
1.691,29.0927,6.0244,3.8762,0.1955,0.0815,1.9684,15.7360,12.1263
1.731,30.1768,6.1581,4.0030,0.2092,0.0970,2.0868,16.3481,12.4572
1.771,31.2339,6.3447,4.1820,0.2259,0.1154,2.2356,16.7760,12.5918
1.811,32.3040,6.6006,4.4265,0.2460,0.1365,2.4199,17.0212,12.5379
1.851,33.3725,6.9339,4.7433,0.2694,0.1600,2.6416,17.0515,12.2740
1.891,34.3729,7.3393,5.1284,0.2956,0.1847,2.8980,16.8153,11.7602
1.931,35.2108,7.7960,5.5654,0.3240,0.2094,3.1812,16.2696,10.9643
1.971,35.7994,8.2701,6.0272,0.3533,0.2324,3.4793,15.4105,9.8887
2.011,36.0934,8.7221,6.4814,0.3827,0.2522,3.7779,14.2895,8.5860
2.051,36.1083,9.1169,6.8983,0.4113,0.2679,4.0645,13.0086,7.1541
2.091,35.9174,9.4327,7.2579,0.4387,0.2792,4.3307,11.6971,5.7142
2.131,35.6289,9.6642,7.5523,0.4651,0.2869,4.5736,10.4807,4.3824
2.171,35.3507,9.8195,7.7840,0.4906,0.2924,4.7947,9.4538,3.2448
2.211,35.1581,9.9121,7.9604,0.5154,0.2972,4.9969,8.6652,2.3456
2.251,35.0752,9.9535,8.0879,0.5394,0.3025,5.1816,8.1178,1.6884
2.291,35.0804,9.9503,8.1705,0.5621,0.3090,5.3476,7.7801,1.2480
2.331,35.1314,9.9059,8.2120,0.5826,0.3165,5.4931,7.6033,0.9848
2.371,35.1996,9.8280,8.2215,0.6004,0.3244,5.6194,7.5374,0.8585
2.411,35.2995,9.7340,8.2183,0.6159,0.3319,5.7347,7.5440,0.8373
2.451,35.4987,9.6527,8.2322,0.6300,0.3386,5.8555,7.6026,0.9024
2.491,35.9042,9.6195,8.2983,0.6448,0.3446,6.0050,7.7116,1.0496
2.531,36.6321,9.6673,8.4477,0.6626,0.3503,6.2076,7.8853,1.2874
2.571,37.7733,9.8165,8.6986,0.6858,0.3567,6.4826,8.1482,1.6349
2.611,39.3672,10.0693,9.0502,0.7161,0.3644,6.8395,8.5287,2.1168
2.651,41.3925,10.4098,9.4832,0.7541,0.3741,7.2749,9.0514,2.7563
2.691,43.7705,10.8084,9.9648,0.7996,0.3859,7.7736,9.7296,3.5668
2.731,46.3778,11.2290,10.4556,0.8508,0.3995,8.3101,10.5577,4.5420
2.771,49.0602,11.6354,10.9168,0.9053,0.4141,8.8531,11.5066,5.6500
2.811,51.6484,11.9956,11.3151,0.9598,0.4287,9.3686,12.5230,6.8325
2.851,53.9764,12.2842,11.6253,1.0110,0.4420,9.8250,13.5375,8.0134
2.891,55.9046,12.4835,11.8320,1.0559,0.4528,10.1976,14.4783,9.1144
2.931,57.3455,12.5857,11.9304,1.0927,0.4600,10.4740,15.2874,10.0730
2.971,58.2816,12.5940,11.9268,1.1216,0.4634,10.6573,15.9323,10.8542
3.011,58.7680,12.5230,11.8385,1.1442,0.4637,10.7675,16.4066,11.4517
3.051,58.9126,12.3972,11.6913,1.1640,0.4620,10.8378,16.7194,11.8754
3.091,58.8414,12.2465,11.5150,1.1850,0.4605,10.9085,16.8778,12.1331
3.131,58.6614,12.1008,11.3391,1.2110,0.4611,11.0187,16.8730,12.2149
3.171,58.4377,11.9845,11.1871,1.2451,0.4658,11.1983,16.6775,12.0912
3.211,58.1925,11.9129,11.0739,1.2885,0.4762,11.4642,16.2575,11.7250
3.251,57.9242,11.8916,11.0054,1.3410,0.4928,11.8185,15.5945,11.0957
3.291,57.6336,11.9178,10.9796,1.4010,0.5157,12.2512,14.7068,10.2215
3.331,57.3426,11.9830,10.9883,1.4663,0.5440,12.7430,13.6592,9.1702
3.371,57.0956,12.0744,11.0193,1.5337,0.5760,13.2688,12.5567,8.0528
3.411,56.9427,12.1763,11.0570,1.6000,0.6097,13.7996,11.5238,7.0029
3.451,56.9146,12.2693,11.0827,1.6616,0.6427,14.3035,10.6770,6.1473
3.491,56.9985,12.3312,11.0755,1.7145,0.6723,14.7469,10.0991,5.5800
3.531,57.1263,12.3369,11.0127,1.7549,0.6963,15.0963,9.8223,5.3436
3.571,57.1770,12.2610,10.8721,1.7792,0.7125,15.3206,9.8226,5.4235
3.611,56.9920,12.0801,10.6343,1.7842,0.7191,15.3938,10.0263,5.7528
3.651,56.3980,11.7754,10.2845,1.7679,0.7152,15.2966,10.3255,6.2272
3.691,55.2341,11.3350,9.8146,1.7290,0.7002,15.0171,10.5994,6.7261
3.731,53.3768,10.7546,9.2240,1.6676,0.6742,14.5499,10.7377,7.1357
3.771,50.7603,10.0387,8.5202,1.5845,0.6378,13.8957,10.6599,7.3691
3.811,47.3886,9.2003,7.7195,1.4814,0.5922,13.0601,10.3280,7.3788
3.851,43.3374,8.2612,6.8456,1.3604,0.5388,12.0549,9.7463,7.1586
3.891,38.7454,7.2512,5.9292,1.2247,0.4796,10.9000,8.9538,6.7352
3.931,33.7978,6.2066,5.0051,1.0780,0.4167,9.6262,8.0091,6.1544
3.971,28.7063,5.1676,4.1087,0.9249,0.3526,8.2763,6.9761,5.4681
4.011,23.6884,4.1747,3.2730,0.7710,0.2898,6.9043,5.9142,4.7245
4.051,18.9494,3.2645,2.5247,0.6226,0.2308,5.5712,4.8743,3.9657
4.091,14.6669,2.4661,1.8828,0.4856,0.1777,4.3375,3.8994,3.2290
4.131,10.9794,1.7990,1.3569,0.3656,0.1322,3.2560,3.0265,2.5488
4.171,7.9809,1.2721,0.9486,0.2667,0.0954,2.3660,2.2877,1.9578
4.211,5.7219,0.8855,0.6532,0.1915,0.0679,1.6908,1.7099,1.4857
4.251,4.2194,0.6338,0.4630,0.1412,0.0496,1.2400,1.3135,1.1568
4.291,3.4710,0.5103,0.3702,0.1160,0.0406,1.0152,1.1120,0.9880
